Year,Country of origin,Country of asylum,Population Type,Female 0 - 4,Female 5 - 11,Female 12 - 17,Female 18 - 59,Female 60,Female other,Female total,Male 0 - 4,Male 5 - 11,Male 12 - 17,Male 18 - 59,Male 60,Male other,Male total,Total
2001,Myanmar,Australia,REF,0,0,0,0,0,0,0,0,0,0,0,0,0,0,773
2001,Myanmar,Belgium,REF,0,0,0,0,0,0,0,0,0,0,0,0,5,5,5
2001,Myanmar,Bangladesh,REF,2020,2443,2090,4523,248,0,11324,2052,2381,2046,4061,242,0,10782,22106
2001,Myanmar,Canada,REF,0,0,0,0,0,0,0,0,0,0,0,0,0,0,350
2001,Myanmar,Denmark,REF,0,0,0,0,0,0,0,0,0,0,0,0,0,0,69
2001,Myanmar,Finland,REF,0,0,0,0,0,0,0,0,0,0,0,0,0,0,101
2001,Myanmar,France,REF,0,0,0,0,0,9,9,0,0,0,0,0,56,56,65
2001,Myanmar,India,REF,26,43,37,213,0,0,319,32,44,37,434,10,0,557,876
2001,Myanmar,Japan,REF,0,0,0,0,0,37,37,0,0,0,0,0,80,80,117
2001,Myanmar,Malaysia,REF,0,7,0,12,0,0,19,0,5,0,26,0,0,31,5151
2001,Myanmar,Netherlands,REF,0,0,0,0,0,0,0,0,0,0,0,0,0,0,177
2001,Myanmar,Norway,REF,0,0,0,0,0,0,0,0,0,0,0,0,0,0,63
2001,Myanmar,New Zealand,REF,0,0,0,0,0,0,0,0,0,0,0,0,0,0,345
2001,Myanmar,Pakistan,REF,0,0,0,8,0,0,8,0,6,0,8,0,0,14,22
2001,Myanmar,Spain,REF,0,0,0,0,0,0,0,0,0,0,0,0,0,0,5
2001,Myanmar,Sweden,REF,0,0,0,0,0,0,0,0,0,0,0,0,0,0,38
2001,Myanmar,Switzerland,REF,0,0,0,0,0,0,0,0,0,0,0,0,5,5,5
2001,Myanmar,Thailand,REF,7472,10132,8684,25270,1808,0,53366,7818,10734,9202,27321,1872,0,56947,110313
2001,Myanmar,United States of America,REF,0,0,0,0,0,0,0,0,0,0,0,0,0,0,5268
2002,Myanmar,Australia,REF,0,0,0,0,0,0,0,0,0,0,0,0,0,0,732
2002,Myanmar,Belgium,REF,0,0,0,0,0,0,0,0,0,0,0,0,0,0,5
2002,Myanmar,Bangladesh,REF,2215,2315,1977,4425,297,0,11229,2230,2247,1920,4072,269,0,10738,21967
2002,Myanmar,Canada,REF,0,0,0,0,0,0,0,0,0,0,0,0,0,0,271
2002,Myanmar,Denmark,REF,0,0,0,0,0,0,0,0,0,0,0,0,0,0,78
2002,Myanmar,Finland,REF,0,0,0,0,0,0,0,0,0,0,0,0,0,0,103
2002,Myanmar,France,REF,0,0,0,0,0,13,13,0,0,0,0,0,61,61,74
2002,Myanmar,Germany,REF,0,0,0,0,0,0,0,0,0,0,0,0,0,0,368
2002,Myanmar,India,REF,29,57,49,256,5,0,396,37,54,46,499,11,0,647,1043
2002,Myanmar,Japan,REF,0,0,0,0,0,23,23,0,0,0,0,0,105,105,128
2002,Myanmar,Malaysia,REF,5,6,5,23,0,2041,2080,9,5,5,88,0,3060,3167,5247
2002,Myanmar,Netherlands,REF,0,0,0,0,0,0,0,0,0,0,0,0,0,0,202
2002,Myanmar,Norway,REF,0,0,0,0,0,0,0,0,0,0,0,0,0,0,65
2002,Myanmar,New Zealand,REF,0,0,0,0,0,0,0,0,0,0,0,0,0,0,353
2002,Myanmar,Pakistan,REF,0,0,0,0,0,0,0,0,0,0,0,0,0,0,23
2002,Myanmar,Spain,REF,0,0,0,0,0,0,0,0,0,0,0,0,0,0,5
2002,Myanmar,Sweden,REF,0,0,0,0,0,0,0,0,0,0,0,0,0,0,35
2002,Myanmar,Switzerland,REF,0,0,0,0,0,0,0,0,0,0,0,0,5,5,5
2002,Myanmar,Thailand,REF,7482,10112,8668,26219,1861,0,54342,7762,10802,9259,28158,1915,0,57896,112238
2002,Myanmar,United States of America,REF,0,0,0,0,0,0,0,0,0,0,0,0,0,0,5551
2003,Myanmar,Australia,REF,0,0,0,0,0,0,0,0,0,0,0,0,0,0,684
2003,Myanmar,Bangladesh,REF,1973,2084,1787,3923,225,0,9992,2120,1956,1678,3787,210,0,9751,19743
2003,Myanmar,Canada,REF,0,0,0,0,0,0,0,0,0,0,0,0,0,0,440
2003,Myanmar,Denmark,REF,0,0,0,0,0,0,0,0,0,0,0,0,0,0,221
2003,Myanmar,Finland,REF,0,0,0,0,0,0,0,0,0,0,0,0,0,0,106
2003,Myanmar,France,REF,0,0,0,0,0,16,16,0,0,0,0,0,70,70,86
2003,Myanmar,United Kingdom of Great Britain and Northern Ireland,REF,0,0,0,0,0,0,0,0,0,0,0,0,0,0,40
2003,Myanmar,Germany,REF,0,0,0,0,0,0,0,0,0,0,0,0,0,0,420
2003,Myanmar,India,REF,25,52,45,256,5,0,383,29,59,50,408,11,0,557,940
2003,Myanmar,Japan,REF,0,0,0,0,0,60,60,0,0,0,0,0,76,76,136
2003,Myanmar,Rep. of Korea,REF,0,0,0,0,0,0,0,0,0,0,5,0,0,5,5
2003,Myanmar,Malaysia,REF,141,172,147,625,24,0,1109,172,212,182,2466,11,0,3043,4152
2003,Myanmar,Netherlands,REF,0,0,0,0,0,0,0,0,0,0,0,0,0,0,208
2003,Myanmar,Norway,REF,0,0,0,0,0,0,0,0,0,0,0,0,0,0,199
2003,Myanmar,New Zealand,REF,0,0,0,0,0,0,0,0,0,0,0,0,0,0,377
2003,Myanmar,Pakistan,REF,0,6,0,0,0,0,6,0,0,5,14,0,0,19,25
2003,Myanmar,Spain,REF,0,0,0,0,0,0,0,0,0,0,0,0,0,0,6
2003,Myanmar,Sweden,REF,0,0,0,0,0,0,0,0,0,0,0,0,0,0,31
2003,Myanmar,Thailand,REF,7170,10689,9161,28409,2074,0,57503,7485,11325,9707,30576,2166,0,61259,118762
2003,Myanmar,United States of America,REF,0,0,0,0,0,0,0,0,0,0,0,0,0,0,4789
2004,Myanmar,Australia,REF,0,0,0,0,0,0,0,0,0,0,0,0,0,0,651
2004,Myanmar,Belgium,REF,0,0,0,0,0,0,0,0,0,0,0,0,0,0,5
2004,Myanmar,Bangladesh,REF,1913,2181,1870,4095,248,0,10307,2074,2069,1774,3950,228,0,10095,20402
2004,Myanmar,Canada,REF,0,0,0,0,0,0,0,0,0,0,0,0,0,0,538
2004,Myanmar,Denmark,REF,0,0,0,0,0,0,0,0,0,0,0,0,0,0,380
2004,Myanmar,Finland,REF,0,0,0,0,0,0,0,0,0,0,0,0,0,0,107
2004,Myanmar,France,REF,0,0,0,0,0,0,0,0,0,0,0,0,0,0,93
2004,Myanmar,United Kingdom of Great Britain and Northern Ireland,REF,0,0,0,0,0,0,0,0,0,0,0,0,0,0,51
2004,Myanmar,Germany,REF,0,0,0,0,0,0,0,0,0,0,0,0,0,0,453
2004,Myanmar,India,REF,37,69,60,337,5,0,508,49,77,66,451,11,0,654,1162
2004,Myanmar,Japan,REF,0,0,0,0,0,58,58,0,0,0,0,0,87,87,145
2004,Myanmar,Rep. of Korea,REF,0,0,0,0,0,0,0,0,0,0,5,0,0,5,5
2004,Myanmar,Malaysia,REF,400,450,385,1551,49,0,2835,390,486,416,5358,116,0,6766,9601
2004,Myanmar,Netherlands,REF,0,0,0,0,0,0,0,0,0,0,0,0,0,0,212
2004,Myanmar,Norway,REF,0,0,0,0,0,0,0,0,0,0,0,0,0,0,459
2004,Myanmar,New Zealand,REF,0,0,0,0,0,0,0,0,0,0,0,0,0,0,390
2004,Myanmar,Pakistan,REF,0,0,0,0,0,0,0,0,0,0,0,0,0,0,26
2004,Myanmar,Spain,REF,0,0,0,0,0,0,0,0,0,0,0,0,0,0,5
2004,Myanmar,Sweden,REF,0,0,0,0,0,0,0,0,0,0,0,0,0,0,156
2004,Myanmar,Thailand,REF,7445,10922,9358,28815,2162,0,58702,7845,11451,9814,30769,2233,0,62112,120814
2004,Myanmar,United States of America,REF,0,0,0,0,0,0,0,0,0,0,0,0,0,0,5342
2005,Myanmar,Australia,REF,0,0,0,0,0,0,0,0,0,0,0,0,0,0,967
2005,Myanmar,Belgium,REF,0,0,0,0,0,0,0,0,0,0,0,0,0,0,9
2005,Myanmar,Bangladesh,REF,2000,2209,1894,4303,246,0,10652,2101,2132,1829,4116,223,0,10401,21053
2005,Myanmar,Canada,REF,0,0,0,0,0,0,0,0,0,0,0,0,0,0,613
2005,Myanmar,Denmark,REF,0,0,0,0,0,0,0,0,0,0,0,0,0,0,519
2005,Myanmar,Finland,REF,0,0,0,0,0,0,0,0,0,0,0,0,0,0,180
2005,Myanmar,France,REF,0,0,0,0,0,19,19,0,0,0,0,0,86,86,105
2005,Myanmar,United Kingdom of Great Britain and Northern Ireland,REF,0,0,0,0,0,0,0,0,0,0,0,0,0,0,80
2005,Myanmar,Germany,REF,0,0,0,0,0,0,0,0,0,0,0,0,0,0,331
2005,Myanmar,Greece,REF,0,0,0,0,0,0,0,0,0,0,0,0,0,0,5
2005,Myanmar,India,REF,47,87,75,438,5,0,652,65,101,86,551,16,0,819,1471
2005,Myanmar,Japan,REF,0,0,0,0,0,86,86,0,0,0,0,0,154,154,240
2005,Myanmar,Rep. of Korea,REF,0,0,0,0,0,0,0,0,0,0,9,0,0,9,9
2005,Myanmar,Mexico,REF,0,0,0,0,0,0,0,0,0,0,5,0,0,5,5
2005,Myanmar,Malaysia,REF,638,616,528,2359,65,0,4206,612,706,606,7940,138,0,10002,14208
2005,Myanmar,Nepal,REF,0,0,0,0,0,0,0,0,0,0,9,0,0,9,9
2005,Myanmar,Netherlands,REF,0,0,0,0,0,0,0,0,0,0,0,0,0,0,213
2005,Myanmar,Norway,REF,0,0,0,0,0,0,0,0,0,0,0,0,0,0,743
2005,Myanmar,New Zealand,REF,0,0,0,0,0,0,0,0,0,0,0,0,0,0,192
2005,Myanmar,Pakistan,REF,5,0,0,7,0,0,12,0,5,0,8,0,0,13,25
2005,Myanmar,Portugal,REF,0,0,0,0,0,0,0,0,0,0,0,0,0,0,5
2005,Myanmar,Sweden,REF,0,0,0,0,0,0,0,0,0,0,0,0,0,0,569
2005,Myanmar,Switzerland,REF,0,0,0,0,0,0,0,0,0,0,8,0,0,8,8
2005,Myanmar,Thailand,REF,8447,10871,9318,26804,2224,0,57664,8973,11430,9798,26448,2186,0,58835,116499
2005,Myanmar,United States of America,REF,0,0,0,0,0,0,0,0,0,0,0,0,0,0,6793
2006,Myanmar,Australia,REF,0,0,0,0,0,0,0,0,0,0,0,0,0,0,2558
2006,Myanmar,Belgium,REF,0,0,0,0,0,0,0,0,0,0,0,0,5,5,5
2006,Myanmar,Bangladesh,REF,2289,3256,1887,5878,315,0,13625,2312,3239,1821,4965,306,0,12643,26268
2006,Myanmar,Cambodia,REF,0,0,0,5,0,0,5,0,0,0,0,0,0,0,5
2006,Myanmar,Canada,REF,0,0,0,0,0,0,0,0,0,0,0,0,0,0,1429
2006,Myanmar,Denmark,REF,0,0,0,0,0,0,0,0,0,0,0,0,0,0,686
2006,Myanmar,Finland,REF,0,0,0,0,0,0,0,0,0,0,0,0,0,0,388
2006,Myanmar,France,REF,0,0,0,0,0,22,22,0,0,0,0,0,95,95,117
2006,Myanmar,United Kingdom of Great Britain and Northern Ireland,REF,0,0,0,0,0,0,0,0,0,0,0,0,0,0,196
2006,Myanmar,Germany,REF,0,0,0,0,0,0,0,0,0,0,0,0,0,0,486
2006,Myanmar,Greece,REF,0,0,0,0,0,0,0,0,0,0,0,0,0,0,8
2006,Myanmar,India,REF,70,104,123,528,5,0,830,94,120,124,626,18,0,982,1812
2006,Myanmar,Indonesia,REF,0,0,0,0,0,0,0,0,0,0,19,0,0,19,19
2006,Myanmar,Ireland,REF,0,0,0,0,0,0,0,0,0,0,0,0,0,0,5
2006,Myanmar,Japan,REF,0,0,0,0,0,81,81,0,0,0,0,0,188,188,269
2006,Myanmar,Rep. of Korea,REF,0,0,0,6,0,0,6,0,0,0,15,0,0,15,21
2006,Myanmar,Mexico,REF,0,0,0,0,0,0,0,0,0,0,14,0,0,14,14
2006,Myanmar,Malaysia,REF,906,714,1064,3560,101,0,6345,942,781,1332,11966,178,0,15199,21544
2006,Myanmar,Nepal,REF,0,0,0,0,0,0,0,0,0,5,6,0,0,11,11
2006,Myanmar,Netherlands,REF,0,0,0,0,0,0,0,0,0,0,0,0,0,0,473
2006,Myanmar,Norway,REF,0,0,0,0,0,0,0,0,0,0,0,0,0,0,1223
2006,Myanmar,New Zealand,REF,0,0,0,0,0,0,0,0,0,0,0,0,0,0,485
2006,Myanmar,Pakistan,REF,0,0,5,8,0,0,13,0,0,0,0,0,0,0,25
2006,Myanmar,Philippines,REF,0,0,0,0,0,0,0,0,0,0,6,0,0,6,6
2006,Myanmar,Portugal,REF,0,0,0,0,0,0,0,0,0,0,0,0,0,0,5
2006,Myanmar,Sweden,REF,0,0,0,0,0,0,0,0,0,0,0,0,0,0,867
2006,Myanmar,Switzerland,REF,0,0,0,0,0,0,0,0,0,0,0,0,12,12,12
2006,Myanmar,Thailand,REF,9163,12045,10031,31142,2622,0,65003,9748,12530,10478,32020,2462,0,67238,132241
2006,Myanmar,United States of America,REF,0,0,0,0,0,0,0,0,0,0,0,0,0,0,11639
2007,Myanmar,Australia,REF,0,0,0,0,0,0,0,0,0,0,0,0,0,0,433
2007,Myanmar,Belgium,REF,0,0,0,0,0,5,5,0,0,0,0,0,0,0,5
2007,Myanmar,Bangladesh,REF,2371,3765,1576,6198,305,0,14215,2481,3688,1555,5306,299,0,13329,27544
2007,Myanmar,Cambodia,REF,0,0,6,0,0,0,6,0,0,0,0,0,0,0,6
2007,Myanmar,Canada,REF,0,0,0,0,0,0,0,0,0,0,0,0,0,0,205
2007,Myanmar,Czechia,REF,0,0,0,0,0,0,0,0,0,0,0,0,0,0,10
2007,Myanmar,Denmark,REF,0,0,0,0,0,0,0,0,0,0,0,0,0,0,39
2007,Myanmar,Finland,REF,0,0,0,0,0,0,0,0,0,0,0,0,0,0,13
2007,Myanmar,France,REF,0,0,0,0,0,0,0,0,0,0,0,0,127,127,127
2007,Myanmar,United Kingdom of Great Britain and Northern Ireland,REF,0,0,0,0,0,0,0,0,0,0,0,0,0,0,250
2007,Myanmar,Germany,REF,0,0,0,0,0,0,0,0,0,0,0,0,0,0,607
2007,Myanmar,Greece,REF,0,0,0,0,0,0,0,0,0,0,0,0,0,0,8
2007,Myanmar,Hungary,REF,0,0,0,0,0,0,0,0,0,0,0,0,0,0,5
2007,Myanmar,India,REF,81,93,134,514,8,0,830,105,103,120,629,25,0,982,1812
2007,Myanmar,Indonesia,REF,0,0,0,0,0,0,0,0,0,0,23,0,0,23,23
2007,Myanmar,Ireland,REF,0,0,0,0,0,0,0,0,0,0,0,0,0,0,5
2007,Myanmar,Japan,REF,0,0,0,0,0,134,134,0,0,0,0,0,237,237,371
2007,Myanmar,Rep. of Korea,REF,0,0,0,10,0,0,10,5,0,0,15,0,0,20,30
2007,Myanmar,Mexico,REF,0,0,0,0,0,0,0,0,0,0,8,0,0,8,8
2007,Myanmar,Malaysia,REF,974,1199,1035,5254,125,0,8587,1082,1335,1496,16707,210,0,20830,29474
2007,Myanmar,Nepal,REF,0,0,0,0,0,0,0,0,0,0,12,0,0,12,12
2007,Myanmar,Netherlands,REF,0,0,0,0,0,0,0,0,0,0,0,0,0,0,235
2007,Myanmar,Norway,REF,0,0,0,0,0,0,0,0,0,0,0,0,0,0,52
2007,Myanmar,New Zealand,REF,0,0,0,0,0,0,0,0,0,0,0,0,0,0,38
2007,Myanmar,Pakistan,REF,0,0,0,0,0,0,0,0,0,0,0,0,0,0,26
2007,Myanmar,Philippines,REF,0,0,0,0,0,0,0,0,0,0,5,0,0,5,5
2007,Myanmar,Portugal,REF,0,0,0,0,0,0,0,0,0,0,0,0,0,0,5
2007,Myanmar,Singapore,REF,0,0,0,0,0,0,0,0,0,0,7,0,0,7,7
2007,Myanmar,Sweden,REF,0,0,0,0,0,0,0,0,0,0,0,0,0,0,39
2007,Myanmar,Switzerland,REF,0,0,0,0,0,5,5,0,0,0,8,0,5,13,18
2007,Myanmar,Thailand,REF,8684,11275,9349,29549,2555,0,61412,9268,11670,9761,30034,2417,0,63150,124562
2007,Myanmar,United States of America,REF,0,0,0,0,0,0,0,0,0,0,0,0,0,0,5334
2008,Myanmar,Australia,REF,0,0,0,0,0,0,0,0,0,0,0,0,0,0,455
2008,Myanmar,Austria,REF,0,0,0,0,0,0,0,0,0,0,0,0,0,0,6
2008,Myanmar,Belgium,REF,0,0,0,0,0,5,5,0,0,0,0,0,7,7,12
2008,Myanmar,Bangladesh,REF,2682,3575,2057,6069,272,0,14655,2701,3563,2016,5129,273,0,13682,28337
2008,Myanmar,Cambodia,REF,0,0,0,0,0,0,0,0,0,0,5,0,0,5,5
2008,Myanmar,Canada,REF,0,0,0,0,0,0,0,0,0,0,0,0,0,0,235
2008,Myanmar,Czechia,REF,0,0,0,0,0,0,0,0,0,0,0,0,0,0,36
2008,Myanmar,Denmark,REF,0,0,0,0,0,0,0,0,0,0,0,0,0,0,52
2008,Myanmar,Finland,REF,0,0,0,0,0,0,0,0,0,0,0,0,0,0,13
2008,Myanmar,France,REF,0,0,0,0,0,30,30,0,0,0,0,0,114,114,144
2008,Myanmar,United Kingdom of Great Britain and Northern Ireland,REF,0,0,0,0,0,0,0,0,0,0,0,0,0,0,390
2008,Myanmar,Germany,REF,0,0,0,0,0,0,0,0,0,0,0,0,0,0,729
2008,Myanmar,Greece,REF,0,0,0,0,0,0,0,0,0,0,0,0,0,0,8
2008,Myanmar,Hungary,REF,0,0,0,0,0,0,0,0,0,0,0,0,0,0,5
2008,Myanmar,India,REF,93,104,135,536,15,0,883,93,103,139,727,22,0,1084,1967
2008,Myanmar,Indonesia,REF,0,0,0,0,0,0,0,0,0,0,17,0,0,17,17
2008,Myanmar,Ireland,REF,0,0,0,0,0,0,0,0,0,0,0,0,0,0,5
2008,Myanmar,Italy,REF,0,0,0,0,0,0,0,0,0,0,0,0,0,0,6
2008,Myanmar,Japan,REF,0,0,0,0,0,276,276,0,0,0,0,0,470,470,746
2008,Myanmar,Rep. of Korea,REF,0,5,0,8,0,0,13,0,0,5,39,0,0,44,57
2008,Myanmar,Sri Lanka,REF,0,0,0,0,0,0,0,0,0,9,46,0,0,55,55
2008,Myanmar,Mexico,REF,0,0,0,0,0,0,0,0,0,0,8,0,0,8,8
2008,Myanmar,Malaysia,REF,1803,1525,1508,6707,130,0,11673,1961,1634,1988,16218,241,0,22042,33781
2008,Myanmar,Nepal,REF,0,0,0,5,0,0,5,0,0,0,8,0,0,8,13
2008,Myanmar,Netherlands,REF,0,0,0,0,0,0,0,0,0,0,0,0,0,0,395
2008,Myanmar,Norway,REF,0,0,0,0,0,0,0,0,0,0,0,0,0,0,55
2008,Myanmar,New Zealand,REF,0,0,0,0,0,0,0,0,0,0,0,0,0,0,43
2008,Myanmar,Pakistan,REF,0,0,9,10,0,0,19,0,0,9,0,0,0,9,28
2008,Myanmar,Philippines,REF,0,0,0,0,0,0,0,0,0,0,5,0,0,5,5
2008,Myanmar,Papua New Guinea,REF,0,0,0,0,0,0,0,0,0,0,5,0,0,5,5
2008,Myanmar,Portugal,REF,0,0,0,0,0,0,0,0,0,0,0,0,0,0,5
2008,Myanmar,Singapore,REF,0,0,0,0,0,0,0,0,0,0,7,0,0,7,7
2008,Myanmar,Sweden,REF,0,0,0,0,0,0,0,0,0,0,0,0,0,0,40
2008,Myanmar,Switzerland,REF,0,0,0,5,0,0,5,0,0,0,9,0,6,15,20
2008,Myanmar,Thailand,REF,7696,10185,8261,26723,2463,0,55328,8179,10504,8638,26499,2407,0,56227,111555
2008,Myanmar,United States of America,REF,0,0,0,0,0,0,0,0,0,0,0,0,0,0,5170
2009,Myanmar,Australia,REF,0,0,0,0,0,0,0,0,0,0,0,0,0,0,489
2009,Myanmar,Austria,REF,0,0,0,0,0,0,0,0,0,0,0,0,0,0,6
2009,Myanmar,Belgium,REF,0,0,0,0,0,0,0,0,0,0,0,0,9,9,9
2009,Myanmar,Bangladesh,REF,2642,3410,2300,6119,256,0,14727,2664,3534,2217,5151,264,0,13830,228557
2009,Myanmar,Cambodia,REF,0,0,0,0,0,0,0,0,0,0,9,0,0,9,9
2009,Myanmar,Canada,REF,0,0,0,0,0,0,0,0,0,0,0,0,0,0,257
2009,Myanmar,Czechia,REF,0,0,0,0,0,0,0,0,0,0,0,0,0,0,57
2009,Myanmar,Denmark,REF,0,0,0,0,0,0,0,0,0,0,0,0,0,0,53
2009,Myanmar,Finland,REF,0,0,0,0,0,0,0,0,0,0,0,0,0,0,14
2009,Myanmar,France,REF,0,0,0,0,0,0,0,0,0,0,0,0,0,0,163
2009,Myanmar,United Kingdom of Great Britain and Northern Ireland,REF,0,0,0,0,0,0,0,0,0,0,0,0,0,0,517
2009,Myanmar,Germany,REF,13,13,17,150,5,0,198,9,28,15,495,11,0,558,756
2009,Myanmar,Greece,REF,0,0,0,0,0,0,0,0,0,0,0,0,0,0,8
2009,Myanmar,Hungary,REF,0,0,0,0,0,0,0,0,0,0,0,0,0,0,5
2009,Myanmar,India,REF,154,159,194,814,20,0,1341,155,162,204,1058,32,0,1611,2952
2009,Myanmar,Indonesia,REF,0,0,0,0,0,0,0,0,0,16,138,0,0,154,154
2009,Myanmar,Ireland,REF,0,0,0,0,0,0,0,0,0,0,0,0,0,0,8
2009,Myanmar,Italy,REF,0,0,0,0,0,0,0,0,0,0,0,0,0,0,10
2009,Myanmar,Jamaica,REF,5,0,0,0,0,0,5,0,0,0,0,0,0,0,5
2009,Myanmar,Japan,REF,0,0,0,0,0,370,370,0,0,0,0,0,823,823,1193
2009,Myanmar,Rep. of Korea,REF,5,0,0,18,0,0,23,8,0,0,70,0,0,78,101
2009,Myanmar,Sri Lanka,REF,0,0,0,0,0,0,0,0,0,0,0,0,0,0,56
2009,Myanmar,Mexico,REF,0,0,0,0,0,0,0,0,0,0,9,0,0,9,9
2009,Myanmar,Malaysia,REF,2753,2062,2157,12374,207,0,19553,3006,2192,3088,33223,331,0,41840,61412
2009,Myanmar,Nepal,REF,0,0,0,6,0,0,6,0,0,0,5,0,0,5,11
2009,Myanmar,Netherlands,REF,0,0,0,0,0,0,0,0,0,0,0,0,0,0,482
2009,Myanmar,Norway,REF,0,0,0,0,0,0,0,0,0,0,0,0,0,0,72
2009,Myanmar,New Zealand,REF,0,0,0,0,0,0,0,0,0,0,0,0,0,0,44
2009,Myanmar,Pakistan,REF,0,0,0,9,0,0,9,0,0,0,10,0,0,10,19
2009,Myanmar,Philippines,REF,0,0,0,0,0,0,0,0,0,0,5,0,0,5,5
2009,Myanmar,Palau,REF,0,0,0,0,0,0,0,0,0,0,11,0,0,11,11
2009,Myanmar,Papua New Guinea,REF,0,0,0,0,0,0,0,0,0,0,5,0,0,5,5
2009,Myanmar,Portugal,REF,0,0,0,0,0,0,0,0,0,0,0,0,0,0,5
2009,Myanmar,Singapore,REF,0,0,0,0,0,0,0,0,0,0,5,0,0,5,5
2009,Myanmar,Sweden,REF,0,0,0,0,0,0,0,0,0,0,0,0,0,0,46
2009,Myanmar,Switzerland,REF,0,0,8,5,0,0,13,0,0,5,9,0,7,21,34
2009,Myanmar,Thailand,REF,7143,9498,7421,25194,2516,0,51772,7476,9902,7832,24675,2450,0,52335,104107
2009,Myanmar,United States of America,REF,0,0,0,0,0,0,0,0,0,0,0,0,0,0,5021
2010,Myanmar,Australia,REF,0,0,0,0,0,0,0,0,0,0,0,0,0,0,444
2010,Myanmar,Austria,REF,0,0,0,0,0,0,0,0,0,0,0,0,0,0,7
2010,Myanmar,Belgium,REF,0,0,0,0,0,5,5,0,0,0,0,0,6,6,11
2010,Myanmar,Bangladesh,REF,314,448,319,798,38,0,1917,321,462,306,682,38,0,1809,229226
2010,Myanmar,Cambodia,REF,0,0,0,5,0,0,5,0,0,0,5,0,0,5,10
2010,Myanmar,Canada,REF,0,0,0,0,0,0,0,0,0,0,0,0,0,0,265
2010,Myanmar,Czechia,REF,0,0,0,0,0,0,0,0,0,0,0,0,0,0,100
2010,Myanmar,Denmark,REF,0,0,0,0,0,0,0,0,0,0,0,0,0,0,56
2010,Myanmar,Finland,REF,0,0,0,0,0,0,0,0,0,0,0,0,0,0,14
2010,Myanmar,France,REF,0,0,0,0,0,38,38,0,0,0,0,0,133,133,171
2010,Myanmar,United Kingdom of Great Britain and Northern Ireland,REF,0,0,0,0,0,0,0,0,0,0,0,0,0,0,625
2010,Myanmar,Germany,REF,12,19,19,165,5,0,220,10,33,15,507,14,0,579,799
2010,Myanmar,Greece,REF,0,0,0,0,0,0,0,0,0,0,0,0,0,0,8
2010,Myanmar,Hungary,REF,0,0,0,0,0,0,0,0,0,0,0,0,0,0,5
2010,Myanmar,India,REF,231,317,407,1222,40,0,2217,222,293,494,1370,34,0,2413,4630
2010,Myanmar,Indonesia,REF,0,0,0,0,0,0,0,0,5,0,44,0,0,49,49
2010,Myanmar,Ireland,REF,0,0,0,0,0,0,0,0,0,0,0,0,0,0,8
2010,Myanmar,Italy,REF,0,0,0,0,0,0,0,0,0,0,0,0,0,0,16
2010,Myanmar,Japan,REF,0,0,0,0,0,492,492,0,0,0,0,0,975,975,1467
2010,Myanmar,Rep. of Korea,REF,7,0,0,23,0,0,30,8,0,0,81,0,0,89,119
2010,Myanmar,Sri Lanka,REF,0,0,0,0,0,0,0,0,0,0,55,0,0,55,55
2010,Myanmar,Malaysia,REF,3304,2235,1980,14912,282,0,22713,3473,2344,2673,44472,419,0,53381,76120
2010,Myanmar,Nepal,REF,5,0,0,9,0,0,14,0,0,5,16,0,0,21,35
2010,Myanmar,Netherlands,REF,0,0,0,0,0,0,0,0,0,0,0,0,0,0,632
2010,Myanmar,Norway,REF,0,0,0,0,0,0,0,0,0,0,0,0,0,0,132
2010,Myanmar,New Zealand,REF,0,0,0,0,0,0,0,0,0,0,0,0,0,0,45
2010,Myanmar,Pakistan,REF,0,0,9,0,0,0,9,0,0,0,0,0,0,0,9
2010,Myanmar,Portugal,REF,0,0,0,0,0,0,0,0,0,0,0,0,0,0,5
2010,Myanmar,Romania,REF,0,0,0,0,0,0,0,0,0,0,0,0,0,0,44
2010,Myanmar,Singapore,REF,0,0,0,0,0,0,0,0,0,0,5,0,0,5,5
2010,Myanmar,Sweden,REF,0,0,0,0,0,0,0,0,0,0,0,0,0,0,46
2010,Myanmar,Switzerland,REF,0,6,0,6,0,0,12,0,0,5,10,0,8,23,35
2010,Myanmar,Thailand,REF,6493,8697,6554,23700,2452,0,47896,6597,9071,6940,22816,2398,0,47822,95718
2010,Myanmar,United States of America,REF,0,0,0,0,0,0,0,0,0,0,0,0,0,0,4751
2011,Myanmar,Australia,REF,0,0,0,0,0,0,0,0,0,0,0,0,0,0,514
2011,Myanmar,Austria,REF,0,0,0,0,0,0,0,0,0,0,0,0,0,0,11
2011,Myanmar,Belgium,REF,0,0,0,0,0,5,5,0,0,0,0,0,13,13,18
2011,Myanmar,Bangladesh,REF,281,449,352,851,39,0,1972,281,471,344,717,40,0,1853,229644
2011,Myanmar,Cambodia,REF,0,0,0,0,0,0,0,0,0,0,9,0,0,9,9
2011,Myanmar,Canada,REF,23,15,10,79,5,0,132,22,20,18,80,5,0,145,277
2011,Myanmar,Czechia,REF,0,0,0,0,0,0,0,0,0,0,0,0,0,0,100
2011,Myanmar,Denmark,REF,0,0,0,0,0,0,0,0,0,0,0,0,0,0,65
2011,Myanmar,Finland,REF,0,0,0,0,0,0,0,0,0,0,0,0,0,0,14
2011,Myanmar,France,REF,0,0,0,0,0,38,38,0,0,0,0,0,136,136,174
2011,Myanmar,United Kingdom of Great Britain and Northern Ireland,REF,0,0,0,0,0,0,0,0,0,0,0,0,0,0,789
2011,Myanmar,Germany,REF,8,29,18,183,7,0,245,11,29,19,499,16,0,574,819
2011,Myanmar,Greece,REF,0,0,0,0,0,0,0,0,0,0,0,0,0,0,6
2011,Myanmar,Hungary,REF,0,0,0,0,0,0,0,0,0,0,0,0,0,0,5
2011,Myanmar,India,REF,339,419,518,1815,58,0,3149,316,432,648,2021,55,0,3472,6621
2011,Myanmar,Indonesia,REF,0,0,0,5,0,0,5,0,0,6,74,0,0,80,85
2011,Myanmar,Ireland,REF,0,0,0,0,0,0,0,0,0,0,0,0,0,0,9
2011,Myanmar,Italy,REF,0,0,0,0,0,0,0,0,0,0,0,0,0,0,17
2011,Myanmar,Japan,REF,0,0,0,0,0,555,555,0,0,0,0,0,1090,1090,1645
2011,Myanmar,Rep. of Korea,REF,0,7,0,28,0,0,35,0,7,0,86,0,0,93,128
2011,Myanmar,Sri Lanka,REF,0,0,0,0,0,0,0,0,0,0,54,0,0,54,54
2011,Myanmar,Mexico,REF,0,0,0,0,0,0,0,0,0,0,0,0,0,0,5
2011,Myanmar,Malaysia,REF,3958,2486,1712,15575,342,0,24073,4122,2659,2136,47590,534,0,57041,81146
2011,Myanmar,Nepal,REF,0,0,0,13,0,0,13,0,0,6,15,0,0,21,34
2011,Myanmar,Netherlands,REF,0,0,0,0,0,0,0,0,0,0,0,0,0,0,769
2011,Myanmar,Norway,REF,0,0,0,0,0,0,0,0,0,0,0,0,0,0,161
2011,Myanmar,New Zealand,REF,0,0,0,0,0,0,0,0,0,0,0,0,0,0,39
2011,Myanmar,Pakistan,REF,0,0,9,0,0,0,9,0,0,0,0,0,0,0,9
2011,Myanmar,Portugal,REF,0,0,0,0,0,0,0,0,0,0,0,0,0,0,5
2011,Myanmar,Romania,REF,0,0,0,0,0,0,0,0,0,0,0,0,0,0,44
2011,Myanmar,Sweden,REF,0,0,0,0,0,0,0,0,0,0,0,0,0,0,50
2011,Myanmar,Switzerland,REF,0,0,7,6,0,0,13,0,0,5,11,0,8,24,37
2011,Myanmar,Thailand,REF,5719,8011,5987,22244,2387,0,44348,5897,8180,6373,21031,2319,0,43800,88148
2011,Myanmar,United States of America,REF,0,0,0,0,0,0,0,0,0,0,0,0,0,0,3164
2012,Myanmar,Australia,REF,0,0,0,0,0,0,0,0,0,0,0,0,0,0,534
2012,Myanmar,Austria,REF,0,0,0,0,0,0,0,0,0,0,0,0,0,0,16
2012,Myanmar,Belgium,REF,0,0,0,0,0,5,5,0,0,0,0,0,12,12,17
2012,Myanmar,Bangladesh,REF,314,478,375,903,44,0,2114,319,493,367,737,46,0,1962,230674
2012,Myanmar,Cambodia,REF,0,0,0,6,0,0,6,0,5,0,10,0,0,15,21
2012,Myanmar,Canada,REF,0,0,0,0,0,0,0,0,0,0,0,0,0,0,276
2012,Myanmar,Czechia,REF,0,0,0,0,0,49,49,0,0,0,0,0,78,78,127
2012,Myanmar,Denmark,REF,0,0,0,0,0,0,0,0,0,0,0,0,0,0,57
2012,Myanmar,Finland,REF,0,0,0,0,0,0,0,0,0,0,0,0,0,0,16
2012,Myanmar,France,REF,0,0,0,0,0,39,39,0,0,0,0,0,154,154,193
2012,Myanmar,United Kingdom of Great Britain and Northern Ireland,REF,0,0,0,0,0,0,0,0,0,0,0,0,0,0,863
2012,Myanmar,Germany,REF,7,25,22,186,9,0,249,8,33,19,484,20,0,564,813
2012,Myanmar,Greece,REF,0,0,0,0,0,0,0,0,0,0,0,0,0,0,6
2012,Myanmar,Hungary,REF,0,0,0,0,0,0,0,0,0,0,0,0,0,0,5
2012,Myanmar,India,REF,379,501,505,2197,79,0,3661,393,478,686,2383,70,0,4010,7671
2012,Myanmar,Indonesia,REF,5,0,12,5,0,0,22,10,20,165,5,0,0,200,222
2012,Myanmar,Ireland,REF,0,0,0,0,0,0,0,0,0,0,0,0,0,0,9
2012,Myanmar,Italy,REF,0,0,0,0,0,0,0,0,0,0,0,0,0,0,17
2012,Myanmar,Japan,REF,0,0,0,0,0,606,606,0,0,0,0,0,1126,1126,1732
2012,Myanmar,Rep. of Korea,REF,5,5,0,40,0,0,50,5,5,0,96,0,0,106,156
2012,Myanmar,Malaysia,REF,4637,2769,1754,16084,422,0,25666,4830,3009,2220,48328,587,0,58974,84671
2012,Myanmar,Nepal,REF,6,0,0,13,0,0,19,0,0,6,22,0,0,28,47
2012,Myanmar,Netherlands,REF,0,0,0,0,0,0,0,0,0,0,0,0,0,0,795
2012,Myanmar,Norway,REF,0,0,0,0,0,0,0,0,0,0,0,0,0,0,160
2012,Myanmar,New Zealand,REF,0,0,0,0,0,0,0,0,0,0,0,0,0,0,36
2012,Myanmar,Pakistan,REF,0,6,5,5,0,0,16,0,0,0,7,0,0,7,23
2012,Myanmar,Philippines,REF,0,0,0,0,0,0,0,0,0,0,5,0,0,5,5
2012,Myanmar,Portugal,REF,0,0,0,0,0,0,0,0,0,0,0,0,0,0,5
2012,Myanmar,Romania,REF,0,0,0,0,0,0,0,0,0,0,0,0,0,0,45
2012,Myanmar,Sweden,REF,0,0,0,0,0,0,0,0,0,0,0,0,0,0,49
2012,Myanmar,Switzerland,REF,0,0,0,0,0,18,18,0,0,0,0,0,28,28,46
2012,Myanmar,Thailand,REF,5191,7562,5679,21264,2353,0,42049,5347,7713,5963,19937,2308,0,41268,83317
2012,Myanmar,United States of America,REF,0,0,0,0,0,0,0,0,0,0,0,0,0,0,2739
2013,Myanmar,Australia,REF,0,0,0,0,0,0,0,0,0,0,0,0,0,0,513
2013,Myanmar,Austria,REF,0,0,0,0,0,0,0,0,0,0,0,0,0,0,26
2013,Myanmar,Belgium,REF,0,0,0,0,0,5,5,0,0,0,0,0,13,13,18
2013,Myanmar,Bangladesh,REF,298,505,386,964,43,0,2196,314,510,372,751,47,0,1994,231125
2013,Myanmar,Cambodia,REF,0,0,0,5,0,0,5,0,5,0,14,0,0,19,24
2013,Myanmar,Canada,REF,0,0,0,8,0,0,8,0,0,0,0,0,0,0,283
2013,Myanmar,Czechia,REF,0,0,0,0,0,0,0,0,0,0,0,0,0,0,153
2013,Myanmar,Denmark,REF,0,0,0,0,0,0,0,0,0,0,0,0,0,0,60
2013,Myanmar,Finland,REF,0,0,0,0,0,0,0,0,0,0,0,0,0,0,14
2013,Myanmar,France,REF,0,0,0,0,0,46,46,0,0,0,0,0,208,208,254
2013,Myanmar,United Kingdom of Great Britain and Northern Ireland,REF,0,0,0,0,0,0,0,0,0,0,0,0,0,0,858
2013,Myanmar,Germany,REF,6,26,24,191,10,0,257,6,31,25,487,19,0,568,825
2013,Myanmar,Greece,REF,0,0,0,0,0,0,0,0,0,0,0,0,0,0,6
2013,Myanmar,India,REF,620,857,606,3071,108,0,5262,639,876,774,3469,102,0,5860,11122
2013,Myanmar,Indonesia,REF,20,21,7,44,0,0,92,27,22,87,553,0,0,689,781
2013,Myanmar,Ireland,REF,0,0,0,0,0,0,0,0,0,0,5,0,0,5,5
2013,Myanmar,Italy,REF,0,0,0,0,0,0,0,0,0,0,0,0,0,0,20
2013,Myanmar,Japan,REF,0,0,0,0,0,531,531,0,0,0,0,0,1300,1300,1831
2013,Myanmar,Rep. of Korea,REF,6,5,0,44,0,0,55,6,6,0,103,5,0,120,175
2013,Myanmar,Malaysia,REF,5420,3169,1996,18112,481,0,29178,5686,3488,2587,50686,638,0,63085,92287
2013,Myanmar,Nepal,REF,7,7,0,19,0,0,33,6,5,5,36,0,0,52,85
2013,Myanmar,Netherlands,REF,0,0,0,0,0,0,0,0,0,0,0,0,0,0,847
2013,Myanmar,Norway,REF,0,0,0,0,0,0,0,0,0,0,0,0,0,0,154
2013,Myanmar,New Zealand,REF,0,0,0,0,0,0,0,0,0,0,0,0,0,0,34
2013,Myanmar,Pakistan,REF,0,9,0,0,0,0,9,0,0,0,5,0,0,5,14
2013,Myanmar,Philippines,REF,0,0,0,0,0,0,0,0,0,0,5,0,0,5,5
2013,Myanmar,Portugal,REF,0,0,0,0,0,0,0,0,0,0,0,0,0,0,5
2013,Myanmar,Romania,REF,0,0,0,0,0,16,16,0,0,0,0,0,19,19,35
2013,Myanmar,Sweden,REF,0,0,0,0,0,0,0,0,0,0,0,0,0,0,43
2013,Myanmar,Switzerland,REF,0,0,5,7,0,6,18,0,0,0,17,0,10,27,45
2013,Myanmar,Thailand,REF,2720,3980,3047,11614,1339,0,22700,2826,4104,3057,10844,1317,0,22148,135476
2013,Myanmar,United States of America,REF,0,0,0,0,0,0,0,0,0,0,0,0,0,0,2471
2014,Myanmar,Australia,REF,0,0,0,0,0,0,0,0,0,0,0,0,0,0,515
2014,Myanmar,Austria,REF,0,0,0,0,0,0,0,0,0,0,0,0,0,0,30
2014,Myanmar,Belgium,REF,0,0,0,0,0,0,0,0,0,0,0,0,0,0,15
2014,Myanmar,Bangladesh,REF,277,518,376,1152,58,0,2381,295,533,375,888,63,0,2154,232462
2014,Myanmar,Cambodia,REF,0,0,5,0,0,0,5,0,0,0,16,0,0,16,21
2014,Myanmar,Canada,REF,0,0,0,0,0,0,0,0,0,0,0,0,0,0,264
2014,Myanmar,Czechia,REF,0,0,0,0,0,0,0,0,0,0,0,0,0,0,159
2014,Myanmar,Denmark,REF,0,0,0,0,0,0,0,0,0,0,0,0,0,0,58
2014,Myanmar,Finland,REF,0,0,0,0,0,0,0,0,0,0,0,0,0,0,14
2014,Myanmar,France,REF,0,0,0,0,0,51,51,0,0,0,0,0,248,248,299
2014,Myanmar,United Kingdom of Great Britain and Northern Ireland,REF,0,0,0,0,0,0,0,0,0,0,0,0,0,0,891
2014,Myanmar,Germany,REF,6,24,22,177,11,0,240,5,22,21,459,22,0,529,769
2014,Myanmar,Greece,REF,0,0,0,0,0,0,0,0,0,0,0,0,0,0,10
2014,Myanmar,Hungary,REF,0,0,0,0,0,0,0,0,0,0,0,0,0,0,5
2014,Myanmar,India,REF,832,1166,784,3868,148,0,6798,874,1224,878,4391,136,0,7503,14301
2014,Myanmar,Indonesia,REF,44,45,27,90,5,0,211,44,49,50,406,0,0,549,760
2014,Myanmar,Ireland,REF,0,0,0,0,0,0,0,0,0,0,0,0,0,0,8
2014,Myanmar,Italy,REF,0,0,0,0,0,0,0,0,0,0,0,0,0,0,23
2014,Myanmar,Japan,REF,0,0,0,0,0,586,586,0,0,0,0,0,1303,1303,1889
2014,Myanmar,Rep. of Korea,REF,5,7,0,47,0,0,59,5,8,0,108,0,0,121,180
2014,Myanmar,Sri Lanka,REF,0,0,0,0,0,0,0,0,0,0,77,0,0,77,77
2014,Myanmar,Malaysia,REF,5999,3377,2094,19032,503,0,31005,6352,3753,2662,49401,684,0,62852,93866
2014,Myanmar,Nepal,REF,6,7,5,26,0,0,44,5,9,6,37,0,0,57,101
2014,Myanmar,Netherlands,REF,0,0,0,0,0,0,0,0,0,0,0,0,0,0,861
2014,Myanmar,Norway,REF,0,0,0,0,0,0,0,0,0,0,0,0,0,0,155
2014,Myanmar,Nauru,REF,0,0,0,0,0,0,0,0,0,0,0,0,0,0,5
2014,Myanmar,New Zealand,REF,0,0,0,0,0,0,0,0,0,0,0,0,0,0,29
2014,Myanmar,Pakistan,REF,0,6,0,5,0,0,11,0,0,7,5,0,0,12,23
2014,Myanmar,Philippines,REF,0,0,0,0,0,0,0,0,0,0,6,0,0,6,6
2014,Myanmar,Portugal,REF,0,0,0,0,0,0,0,0,0,0,0,0,0,0,5
2014,Myanmar,Romania,REF,6,5,0,10,0,0,21,12,0,0,11,0,0,23,44
2014,Myanmar,South Africa,REF,0,0,0,0,0,0,0,0,0,0,0,0,5,5,5
2014,Myanmar,Singapore,REF,0,0,0,0,0,0,0,0,0,0,5,0,0,5,5
2014,Myanmar,Sweden,REF,0,0,0,0,0,0,0,0,0,0,0,0,0,0,32
2014,Myanmar,Switzerland,REF,0,5,0,10,0,7,22,5,0,0,17,0,8,30,52
2014,Myanmar,Thailand,REF,4052,6388,5451,19093,2035,0,37019,4221,6673,5533,18424,1892,0,36743,128863
2014,Myanmar,United States of America,REF,0,0,0,0,0,0,0,0,0,0,0,0,0,0,2204
2015,Myanmar,Australia,REF,0,0,0,0,0,0,0,0,0,0,0,0,0,0,495
2015,Myanmar,Austria,REF,0,0,0,0,0,0,0,0,0,0,0,0,0,0,34
2015,Myanmar,Belgium,REF,0,0,0,0,0,0,0,0,0,0,0,0,10,10,10
2015,Myanmar,Bangladesh,REF,272,514,401,1096,54,0,2337,298,519,396,789,57,0,2059,231948
2015,Myanmar,Cambodia,REF,0,0,5,0,0,0,5,0,0,0,14,0,0,14,19
2015,Myanmar,Canada,REF,0,0,0,0,0,0,0,0,0,0,0,0,0,0,223
2015,Myanmar,Czechia,REF,0,0,0,0,0,0,0,0,0,0,0,0,0,0,160
2015,Myanmar,Denmark,REF,0,0,0,0,0,0,0,0,0,0,0,0,0,0,54
2015,Myanmar,Finland,REF,0,0,0,0,0,0,0,0,0,0,0,0,0,0,27
2015,Myanmar,France,REF,0,0,0,0,0,50,50,0,0,0,0,0,261,261,311
2015,Myanmar,United Kingdom of Great Britain and Northern Ireland,REF,0,0,0,0,0,0,0,0,0,0,0,0,0,0,942
2015,Myanmar,Germany,REF,5,19,13,166,9,0,212,0,16,22,434,24,0,496,708
2015,Myanmar,Greece,REF,0,0,0,0,0,0,0,0,0,0,0,0,0,0,13
2015,Myanmar,Hungary,REF,0,0,0,0,0,0,0,0,0,0,0,0,0,0,5
2015,Myanmar,India,REF,919,1340,844,4317,146,0,7566,963,1417,987,4640,162,0,8169,15735
2015,Myanmar,Indonesia,REF,39,53,28,93,5,0,218,46,44,25,353,0,0,468,686
2015,Myanmar,Ireland,REF,0,5,0,0,0,0,5,0,0,0,8,0,0,8,13
2015,Myanmar,Italy,REF,0,0,0,0,0,0,0,0,0,0,0,0,0,0,31
2015,Myanmar,Japan,REF,0,0,0,0,0,0,0,0,0,0,0,0,0,0,1826
2015,Myanmar,Rep. of Korea,REF,5,8,0,61,0,0,74,8,14,0,117,0,0,139,213
2015,Myanmar,Malaysia,REF,6077,3166,1907,18391,487,0,30028,6452,3450,2338,45622,741,0,58603,88637
2015,Myanmar,Nepal,REF,13,15,6,39,0,0,73,10,18,8,47,0,0,83,156
2015,Myanmar,Netherlands,REF,0,0,0,0,0,0,0,0,0,0,0,0,0,0,878
2015,Myanmar,Norway,REF,0,0,0,0,0,0,0,0,0,0,0,0,0,0,148
2015,Myanmar,Nauru,REF,0,0,0,0,0,0,0,0,0,0,0,0,0,0,5
2015,Myanmar,New Zealand,REF,0,0,0,0,0,0,0,0,0,0,0,0,0,0,22
2015,Myanmar,Pakistan,REF,0,0,0,8,0,0,8,0,0,6,10,0,0,16,24
2015,Myanmar,Philippines,REF,0,0,0,0,0,0,0,0,0,0,6,0,0,6,6
2015,Myanmar,Romania,REF,5,5,0,10,0,0,20,12,0,0,11,0,0,23,43
2015,Myanmar,South Africa,REF,0,0,0,0,0,0,0,0,0,0,0,0,0,0,5
2015,Myanmar,Sweden,REF,0,0,0,0,0,0,0,0,0,0,0,0,0,0,26
2015,Myanmar,Switzerland,REF,0,0,0,6,0,9,15,0,0,0,38,0,0,38,53
2015,Myanmar,Thailand,REF,3506,4781,3948,13363,1326,0,26924,3637,4990,4024,12430,1228,0,26309,106349
2015,Myanmar,United States of America,REF,0,0,0,0,0,0,0,0,0,0,0,0,0,0,1999
2016,Myanmar,Australia,REF,0,0,0,0,0,0,0,0,0,0,0,0,0,0,504
2016,Myanmar,Austria,REF,0,0,0,0,0,0,0,0,0,0,0,0,0,0,34
2016,Myanmar,Belgium,REF,0,0,0,0,0,0,0,0,0,0,0,0,9,9,9
2016,Myanmar,Bangladesh,REF,254,446,352,1019,46,0,2117,284,446,363,726,51,0,1870,276198
2016,Myanmar,Cambodia,REF,0,0,5,0,0,0,5,0,0,0,14,0,0,14,19
2016,Myanmar,Canada,REF,0,0,0,0,0,0,0,0,0,0,0,0,0,0,70
2016,Myanmar,Czechia,REF,0,0,0,0,0,0,0,0,0,0,0,0,0,0,160
2016,Myanmar,Denmark,REF,0,0,0,0,0,0,0,0,0,0,0,0,0,0,48
2016,Myanmar,Finland,REF,0,0,0,0,0,0,0,0,0,0,0,0,0,0,30
2016,Myanmar,France,REF,0,0,0,0,0,49,49,0,0,0,0,0,275,275,324
2016,Myanmar,United Kingdom of Great Britain and Northern Ireland,REF,0,0,0,0,0,0,0,0,0,0,0,0,0,0,953
2016,Myanmar,Germany,REF,5,16,12,154,12,0,199,0,12,20,422,24,0,478,677
2016,Myanmar,Greece,REF,0,0,0,0,0,0,0,0,0,0,0,0,0,0,15
2016,Myanmar,Hungary,REF,0,0,0,0,0,0,0,0,0,0,0,0,0,0,5
2016,Myanmar,India,REF,1051,1392,855,4061,145,0,7504,1137,1453,987,4299,181,0,8057,15561
2016,Myanmar,Indonesia,REF,56,50,35,129,5,0,275,66,55,56,435,0,0,612,887
2016,Myanmar,Ireland,REF,0,0,0,0,0,0,0,0,0,0,10,0,0,10,10
2016,Myanmar,Italy,REF,0,0,0,0,0,0,0,0,0,0,0,0,0,0,33
2016,Myanmar,Japan,REF,0,0,0,0,0,0,0,0,0,0,0,0,0,0,1822
2016,Myanmar,Rep. of Korea,REF,8,13,6,66,0,0,93,11,15,8,122,5,0,161,254
2016,Myanmar,Sri Lanka,REF,0,0,0,0,0,0,0,0,0,0,5,0,0,5,5
2016,Myanmar,Malaysia,REF,3776,2686,1483,18031,405,0,26381,3873,2836,1990,51365,584,0,60648,87036
2016,Myanmar,Nepal,REF,12,14,6,37,0,0,69,12,17,11,36,5,0,81,150
2016,Myanmar,Netherlands,REF,0,0,0,0,0,0,0,0,0,0,0,0,0,0,803
2016,Myanmar,Norway,REF,0,0,0,0,0,0,0,0,0,0,0,0,0,0,149
2016,Myanmar,Nauru,REF,0,0,0,0,0,0,0,0,0,0,0,0,0,0,5
2016,Myanmar,New Zealand,REF,0,0,0,0,0,0,0,0,0,0,0,0,0,0,16
2016,Myanmar,Pakistan,REF,0,5,0,5,0,0,10,0,0,7,6,0,0,13,23
2016,Myanmar,Philippines,REF,0,0,0,5,0,0,5,0,5,0,0,0,0,5,10
2016,Myanmar,Romania,REF,0,5,0,5,0,0,10,8,0,0,5,0,0,13,23
2016,Myanmar,Spain,REF,0,0,0,0,0,0,0,0,0,0,0,0,0,0,5
2016,Myanmar,Sweden,REF,0,0,0,0,0,0,0,0,0,0,0,0,0,0,19
2016,Myanmar,Switzerland,REF,5,0,0,5,0,7,17,5,0,0,13,0,9,27,44
2016,Myanmar,Thailand,REF,3514,4485,3658,12555,1239,0,25451,3695,4635,3753,11747,1156,0,24986,102633
2016,Myanmar,United States of America,REF,0,0,0,0,0,0,0,0,0,0,0,0,0,0,1751
2017,Myanmar,Egypt,REF,0,0,0,5,0,0,5,0,0,0,0,0,0,0,5
2017,Myanmar,Australia,REF,0,0,0,0,0,0,0,0,0,0,0,0,0,0,516
2017,Myanmar,Austria,REF,0,0,0,0,0,0,0,0,0,0,0,0,0,0,36
2017,Myanmar,Belgium,REF,0,0,0,0,0,0,0,0,0,0,0,0,0,0,9
2017,Myanmar,Bangladesh,REF,72318,87151,54987,187808,14109,0,416373,74752,92318,55836,147192,12679,0,382777,932204
2017,Myanmar,Cambodia,REF,0,0,0,5,0,0,5,0,5,0,9,0,0,14,19
2017,Myanmar,Canada,REF,0,0,0,0,0,0,0,0,0,0,0,0,0,0,60
2017,Myanmar,Czechia,REF,0,0,0,0,0,0,0,0,0,0,0,0,0,0,160
2017,Myanmar,Denmark,REF,0,0,0,0,0,0,0,0,0,0,0,0,0,0,45
2017,Myanmar,Finland,REF,0,0,0,0,0,0,0,0,0,0,0,0,0,0,30
2017,Myanmar,France,REF,0,0,0,0,0,48,48,0,0,0,0,0,268,268,316
2017,Myanmar,United Kingdom of Great Britain and Northern Ireland,REF,0,0,0,0,0,0,0,0,0,0,0,0,0,0,836
2017,Myanmar,Germany,REF,5,13,18,172,18,0,226,5,10,20,544,26,0,605,831
2017,Myanmar,Greece,REF,0,0,0,0,0,0,0,0,0,0,0,0,0,0,30
2017,Myanmar,Hungary,REF,0,0,0,0,0,0,0,0,0,0,0,0,0,0,5
2017,Myanmar,India,REF,1529,1628,964,4466,166,0,8753,1701,1729,1089,4630,187,0,9336,18089
2017,Myanmar,Indonesia,REF,54,49,39,121,0,0,263,60,65,33,340,5,0,503,766
2017,Myanmar,Ireland,REF,0,0,0,0,0,0,0,0,0,0,9,0,0,9,9
2017,Myanmar,Italy,REF,0,0,0,0,0,0,0,0,0,0,0,0,0,0,34
2017,Myanmar,Japan,REF,0,0,0,0,0,0,0,0,0,0,0,0,0,0,1469
2017,Myanmar,Rep. of Korea,REF,10,12,13,76,0,0,111,11,21,16,128,5,0,181,292
2017,Myanmar,Sri Lanka,REF,5,5,0,7,0,0,17,8,0,0,10,0,0,18,35
2017,Myanmar,Malaysia,REF,7287,4057,2222,19553,453,0,33572,7726,4181,3153,48710,680,0,64450,98041
2017,Myanmar,Nepal,REF,16,19,6,48,0,0,89,17,23,12,44,5,0,101,190
2017,Myanmar,Netherlands,REF,0,0,0,0,0,0,0,0,0,0,0,0,0,0,732
2017,Myanmar,Norway,REF,0,0,0,0,0,0,0,0,0,0,0,0,0,0,130
2017,Myanmar,Nauru,REF,0,0,0,0,0,0,0,0,0,0,0,0,0,0,115
2017,Myanmar,New Zealand,REF,0,0,0,0,0,0,0,0,0,0,0,0,0,0,12
2017,Myanmar,Pakistan,REF,0,0,0,8,0,0,8,0,0,7,6,0,0,13,21
2017,Myanmar,Philippines,REF,0,0,0,5,0,0,5,0,0,0,5,0,0,5,10
2017,Myanmar,Romania,REF,0,5,0,7,0,0,12,5,5,0,7,0,0,17,29
2017,Myanmar,Spain,REF,0,0,0,0,0,0,0,0,0,0,0,0,0,0,5
2017,Myanmar,Sweden,REF,0,0,0,0,0,0,0,0,0,0,0,0,0,0,16
2017,Myanmar,Switzerland,REF,0,0,0,9,0,9,18,0,0,0,14,0,8,22,40
2017,Myanmar,Thailand,REF,2704,4372,3651,13030,1371,0,25128,2898,4469,3799,12246,1273,0,24685,99982
2017,Myanmar,United States of America,REF,0,0,0,0,0,0,0,0,0,0,0,0,0,0,1623
2018,Myanmar,Australia,REF,0,0,0,0,0,0,0,0,0,0,0,0,0,0,550
2018,Myanmar,Austria,REF,0,0,0,0,0,0,0,0,0,0,0,0,0,0,32
2018,Myanmar,Belgium,REF,0,0,0,0,0,0,0,0,0,0,0,0,0,0,9
2018,Myanmar,Bangladesh,REF,82740,99365,61262,214253,15903,0,473523,85552,104771,61847,166840,14102,0,433112,906635
2018,Myanmar,Canada,REF,5,0,6,18,0,0,29,0,5,5,11,5,0,26,55
2018,Myanmar,Czechia,REF,0,0,0,0,0,0,0,0,0,0,0,0,0,0,145
2018,Myanmar,Denmark,REF,0,0,0,0,0,0,0,0,0,0,0,0,0,0,30
2018,Myanmar,Finland,REF,0,0,0,0,0,0,0,0,0,0,0,0,0,0,30
2018,Myanmar,France,REF,0,0,0,0,0,49,49,0,0,0,0,0,272,272,321
2018,Myanmar,United Kingdom of Great Britain and Northern Ireland,REF,0,0,0,0,0,0,0,0,0,0,0,0,0,0,721
2018,Myanmar,Germany,REF,5,9,17,175,21,0,227,5,11,20,558,33,0,627,854
2018,Myanmar,Greece,REF,0,0,0,0,0,0,0,0,0,0,0,0,0,0,50
2018,Myanmar,Hungary,REF,0,0,0,0,0,0,0,0,0,0,0,0,0,0,5
2018,Myanmar,India,REF,1632,1733,996,4537,174,0,9072,1759,1884,1102,4787,209,0,9741,18813
2018,Myanmar,Indonesia,REF,42,57,32,113,5,0,249,65,70,24,300,5,0,464,713
2018,Myanmar,Ireland,REF,0,0,0,0,0,0,0,0,0,0,8,0,0,8,8
2018,Myanmar,Italy,REF,0,0,0,0,0,0,0,0,0,0,0,0,0,0,43
2018,Myanmar,Japan,REF,0,0,0,0,0,0,0,0,0,0,0,0,0,0,1125
2018,Myanmar,Rep. of Korea,REF,17,13,14,89,0,0,133,19,19,18,134,5,0,195,328
2018,Myanmar,Sri Lanka,REF,6,9,0,0,0,0,15,0,8,0,10,0,0,18,33
2018,Myanmar,Malaysia,REF,7914,4597,2455,20829,477,0,36272,8587,4742,3210,60649,767,0,77955,114227
2018,Myanmar,Nepal,REF,30,29,14,73,5,0,151,36,35,22,83,5,0,181,332
2018,Myanmar,Netherlands,REF,0,0,0,0,0,0,0,0,0,0,0,0,0,0,567
2018,Myanmar,Norway,REF,0,0,0,0,0,0,0,0,0,0,0,0,0,0,128
2018,Myanmar,Nauru,REF,0,0,0,0,0,0,0,0,0,0,0,0,0,0,115
2018,Myanmar,New Zealand,REF,0,0,0,0,0,0,0,0,0,0,0,0,0,0,7
2018,Myanmar,Pakistan,REF,0,0,0,9,0,0,9,5,0,0,8,0,0,13,22
2018,Myanmar,Philippines,REF,0,0,0,5,0,0,5,0,0,0,5,0,0,5,10
2018,Myanmar,Romania,REF,0,5,0,6,0,0,11,5,7,0,6,0,0,18,29
2018,Myanmar,Spain,REF,0,0,0,0,0,0,0,0,0,0,0,0,0,0,5
2018,Myanmar,Sweden,REF,0,0,0,0,0,0,0,0,0,0,0,0,0,0,15
2018,Myanmar,Switzerland,REF,0,0,0,8,0,8,16,0,0,0,11,0,9,20,36
2018,Myanmar,Thailand,REF,4397,8373,7009,26463,2967,0,49209,4688,8705,7192,24990,2819,0,48394,97603
2018,Myanmar,United States of America,REF,0,0,0,0,0,0,0,0,0,0,0,0,0,0,1553
2019,Myanmar,Australia,REF,0,0,0,0,0,0,0,0,0,0,0,0,0,0,506
2019,Myanmar,Austria,REF,0,0,0,0,0,0,0,0,0,0,0,0,0,0,34
2019,Myanmar,Belgium,REF,0,0,0,0,0,0,0,0,0,0,0,0,0,0,8
2019,Myanmar,Bangladesh,REF,79323,87875,57549,203374,13420,0,441541,82334,91657,60385,162241,16606,0,413223,854764
2019,Myanmar,Czechia,REF,0,0,0,0,0,0,0,0,0,0,0,0,0,0,145
2019,Myanmar,Denmark,REF,0,0,0,0,0,0,0,0,0,0,0,0,0,0,28
2019,Myanmar,Finland,REF,0,0,0,0,0,0,0,0,0,0,0,0,0,0,32
2019,Myanmar,France,REF,0,0,0,0,0,48,48,0,0,0,0,0,281,281,329
2019,Myanmar,United Kingdom of Great Britain and Northern Ireland,REF,0,0,0,0,0,0,0,0,0,0,0,0,0,0,613
2019,Myanmar,Germany,REF,6,13,14,175,20,0,228,5,9,21,548,40,0,623,851
2019,Myanmar,Greece,REF,0,0,0,0,0,0,0,0,0,0,0,0,0,0,74
2019,Myanmar,Hungary,REF,0,0,0,0,0,0,0,0,0,0,0,0,0,0,5
2019,Myanmar,India,REF,109,203,166,823,37,0,1338,106,207,140,751,32,0,1236,2574
2019,Myanmar,Indonesia,REF,31,43,36,97,0,0,207,47,60,18,258,5,0,388,595
2019,Myanmar,Ireland,REF,0,0,0,5,0,0,5,0,0,0,8,0,0,8,13
2019,Myanmar,Italy,REF,0,0,0,0,0,0,0,0,0,0,0,0,0,0,49
2019,Myanmar,Japan,REF,0,0,0,0,0,0,0,0,0,0,0,0,0,0,668
2019,Myanmar,Rep. of Korea,REF,0,0,0,0,0,0,0,0,0,0,0,0,0,0,363
2019,Myanmar,Sri Lanka,REF,5,5,0,7,0,0,17,0,8,0,9,0,0,17,34
2019,Myanmar,Malaysia,REF,8297,5206,2626,21107,465,0,37701,8763,5489,3226,63222,830,0,81530,119231
2019,Myanmar,Nepal,REF,32,34,17,74,5,0,162,32,39,24,89,5,0,189,351
2019,Myanmar,Netherlands,REF,0,0,0,0,0,0,0,0,0,0,0,0,0,0,495
2019,Myanmar,Norway,REF,0,0,0,0,0,0,0,0,0,0,0,0,0,0,109
2019,Myanmar,Nauru,REF,5,0,0,11,5,0,21,0,0,5,40,0,0,45,66
2019,Myanmar,New Zealand,REF,0,0,0,0,0,0,0,0,0,0,0,0,0,0,12
2019,Myanmar,Pakistan,REF,0,5,0,5,0,0,10,0,5,0,8,0,0,13,23
2019,Myanmar,Philippines,REF,0,0,0,0,0,0,0,0,0,0,7,0,0,7,7
2019,Myanmar,Papua New Guinea,REF,0,0,0,0,0,0,0,0,0,0,5,0,0,5,5
2019,Myanmar,Romania,REF,0,0,0,9,0,0,9,0,11,0,6,0,0,17,26
2019,Myanmar,Spain,REF,0,0,0,0,0,0,0,0,0,0,0,0,0,0,8
2019,Myanmar,Sweden,REF,0,0,0,0,0,0,0,0,0,0,0,0,0,0,10
2019,Myanmar,Switzerland,REF,0,0,0,7,0,0,7,0,0,0,10,0,0,10,34
2019,Myanmar,Thailand,REF,3963,7775,6743,25557,3084,0,47122,4219,8119,6884,24072,2919,0,46213,93335
2019,Myanmar,United States of America,REF,0,0,0,0,0,0,0,0,0,0,0,0,0,0,1429
2020,Myanmar,Australia,REF,0,0,0,0,0,0,0,0,0,0,0,0,0,0,477
2020,Myanmar,Austria,REF,0,0,0,0,0,0,0,0,0,0,0,0,0,0,35
2020,Myanmar,Belgium,REF,0,0,0,0,0,8,8,0,0,0,0,0,0,0,8
2020,Myanmar,Bangladesh,REF,67019,95390,56609,214409,14042,0,447469,69573,99047,61047,171825,17557,0,419049,866518
2020,Myanmar,Czechia,REF,0,0,0,0,0,0,0,0,0,0,0,0,0,0,145
2020,Myanmar,Denmark,REF,0,0,0,0,0,0,0,0,0,0,0,0,0,0,21
2020,Myanmar,Finland,REF,0,0,0,0,0,0,0,0,0,0,0,0,0,0,33
2020,Myanmar,France,REF,0,0,0,0,0,0,0,0,0,0,0,0,0,0,324
2020,Myanmar,United Kingdom of Great Britain and Northern Ireland,REF,0,0,0,0,0,0,0,0,0,0,0,0,0,0,511
2020,Myanmar,Germany,REF,7,16,12,180,22,0,237,8,8,18,550,48,0,632,869
2020,Myanmar,Greece,REF,0,0,0,0,0,0,0,0,0,0,0,0,0,0,101
2020,Myanmar,Hungary,REF,0,0,0,0,0,0,0,0,0,0,0,0,5,5,5
2020,Myanmar,India,REF,1408,1920,1091,4719,197,0,9335,1370,2123,1209,5124,237,0,10063,19398
2020,Myanmar,Indonesia,REF,17,32,22,82,0,0,153,28,50,23,232,5,0,338,491
2020,Myanmar,Ireland,REF,0,0,0,5,0,0,5,0,0,0,8,0,0,8,13
2020,Myanmar,Japan,REF,0,0,0,0,0,0,0,0,0,0,0,0,0,0,285
2020,Myanmar,Rep. of Korea,REF,0,0,0,0,0,168,168,0,0,0,0,0,222,222,390
2020,Myanmar,Sri Lanka,REF,5,8,0,6,0,0,19,0,7,0,8,0,0,15,34
2020,Myanmar,Malaysia,REF,7162,6419,2698,21478,496,0,38253,7655,6659,3182,62912,917,0,81325,119578
2020,Myanmar,Nepal,REF,32,39,18,75,5,0,169,28,44,21,97,0,0,190,359
2020,Myanmar,Netherlands,REF,0,0,0,0,0,0,0,0,0,0,0,0,0,0,333
2020,Myanmar,Norway,REF,0,0,0,0,0,0,0,0,0,0,0,0,0,0,49
2020,Myanmar,Nauru,REF,0,0,6,15,5,0,26,0,0,5,43,0,0,48,74
2020,Myanmar,New Zealand,REF,0,0,0,0,0,0,0,0,0,0,0,0,0,0,12
2020,Myanmar,Pakistan,REF,0,0,5,5,0,0,10,0,0,8,5,0,0,13,23
2020,Myanmar,Philippines,REF,0,0,0,0,0,0,0,0,0,0,5,0,0,5,5
2020,Myanmar,Papua New Guinea,REF,0,0,0,0,0,0,0,0,0,0,5,0,0,5,5
2020,Myanmar,Romania,REF,0,0,0,8,0,0,8,0,10,0,6,0,0,16,24
2020,Myanmar,Spain,REF,0,0,0,0,0,0,0,0,0,0,0,0,0,0,9
2020,Myanmar,Sweden,REF,0,0,0,0,0,0,0,0,0,0,0,0,0,0,9
2020,Myanmar,Switzerland,REF,0,6,0,0,0,0,6,0,0,0,9,0,0,9,30
2020,Myanmar,Thailand,REF,3370,7438,6643,25652,3269,0,46372,3556,7864,6746,24204,3063,0,45433,91805
2020,Myanmar,United States of America,REF,0,0,0,0,0,0,0,0,0,0,0,0,0,0,1272
2021,Myanmar,Australia,REF,0,0,0,0,0,0,0,0,0,0,0,0,0,0,407
2021,Myanmar,Austria,REF,0,0,0,0,0,0,0,0,0,0,0,0,0,0,32
2021,Myanmar,Belgium,REF,0,0,0,0,0,0,0,0,0,0,0,0,0,0,8
2021,Myanmar,Bangladesh,REF,74275,99810,60660,223655,14501,0,472901,77459,103520,66043,180599,18376,0,445997,918898
2021,Myanmar,Cambodia,REF,0,0,0,0,0,0,0,0,0,0,8,0,0,8,8
2021,Myanmar,Canada,REF,0,0,0,0,0,0,0,0,0,0,9,0,0,9,9
2021,Myanmar,Czechia,REF,0,0,0,0,0,65,65,0,0,0,0,0,84,84,149
2021,Myanmar,Denmark,REF,0,0,0,0,0,0,0,0,0,0,0,0,0,0,13
2021,Myanmar,Finland,REF,0,0,0,0,0,0,0,0,0,0,0,0,0,0,32
2021,Myanmar,France,REF,0,0,0,0,0,0,0,0,0,0,0,0,0,0,355
2021,Myanmar,United Kingdom of Great Britain and Northern Ireland,REF,0,0,0,0,0,0,0,0,0,0,0,0,0,0,367
2021,Myanmar,Germany,REF,6,19,13,182,26,0,246,9,8,18,551,50,0,636,890
2021,Myanmar,Greece,REF,0,0,0,0,0,0,0,0,0,0,0,0,0,0,100
2021,Myanmar,India,REF,1348,2109,1248,5085,232,0,10022,1369,2252,1363,5466,282,0,10732,35832
2021,Myanmar,Indonesia,REF,18,27,25,83,0,0,153,27,38,26,236,0,0,327,480
2021,Myanmar,Ireland,REF,0,0,0,5,0,0,5,0,0,0,8,0,0,8,13
2021,Myanmar,Italy,REF,0,0,0,0,0,0,0,0,0,0,0,0,0,0,5
2021,Myanmar,Japan,REF,0,0,0,0,0,0,0,0,0,0,0,0,0,0,583
2021,Myanmar,Rep. of Korea,REF,0,0,0,0,0,0,0,0,0,0,0,0,0,0,396
2021,Myanmar,Sri Lanka,REF,5,8,0,6,0,0,19,0,7,0,9,0,0,16,35
2021,Myanmar,Malaysia,REF,5769,7898,2786,21810,490,0,38753,6266,8150,3296,63219,914,0,81845,120598
2021,Myanmar,Nepal,REF,33,37,21,83,6,0,180,25,41,26,100,5,0,197,377
2021,Myanmar,Netherlands,REF,0,0,0,0,0,0,0,0,0,0,0,0,0,0,203
2021,Myanmar,Norway,REF,0,0,0,0,0,0,0,0,0,0,0,0,0,0,22
2021,Myanmar,Nauru,REF,0,0,5,15,5,0,25,0,0,5,41,0,0,46,71
2021,Myanmar,New Zealand,REF,0,0,0,0,0,0,0,0,0,0,0,0,0,0,12
2021,Myanmar,Pakistan,REF,0,0,5,5,0,0,10,0,0,8,5,0,0,13,23
2021,Myanmar,Philippines,REF,0,0,0,5,0,0,5,0,0,0,5,0,0,5,10
2021,Myanmar,Papua New Guinea,REF,0,0,0,0,0,0,0,0,0,0,5,0,0,5,5
2021,Myanmar,Romania,REF,0,0,5,5,0,0,10,0,8,5,7,0,0,20,30
2021,Myanmar,Spain,REF,0,0,0,0,0,0,0,0,0,0,0,0,0,0,8
2021,Myanmar,Sweden,REF,0,0,0,0,0,0,0,0,0,0,0,0,0,0,6
2021,Myanmar,Switzerland,REF,0,6,0,0,0,0,6,0,0,0,9,0,0,9,41
2021,Myanmar,Thailand,REF,2594,7178,6695,26365,3347,0,46179,2677,7622,6890,24867,3175,0,45231,96086
2021,Myanmar,United States of America,REF,0,0,0,0,0,0,0,0,0,0,0,0,0,0,1223
