Footnote,Year,"Country of origin (ISO)","Country of asylum (ISO)","Population type"
"Refugees includes people in refugee-like situations","2019 - 2022",MMR,,REF
"The total figure includes 200,000 persons originating from Myanmar in a refugee-like situation. The Government of Bangladesh estimates the population to be between 300,000 and 500,000.",2015,MMR,BGD,REF
"The total figure at the end of 2015 includes 243,000 persons in Bangladesh originating from Myanmar in a refugee-like situation. The Government of Bangladesh estimates the population to be between 300,000 and 500,000.",2015,MMR,BGD,REF
"The total figure includes 243,000 persons originating from Myanmar in a refugee-like situation. The Government of Bangladesh estimates the population to be between 300,000 and 500,000.",2016,MMR,BGD,REF
"The refugee population includes 200,000 persons originating from Myanmar in a refugee-like situation. The Government of Bangladesh estimates the population to be between 300,000 and 500,000.",2015,MMR,BGD,REF
"The refugee population in Bangladesh includes 243,000 persons in refugee- like situation from Myanmar. IDP figure in Myanmar includes 150,000 persons in an IDP-like situation.",2016,MMR,BGD,REF
"The total figure at the end of 2015 includes 200,000 persons in Bangladesh originating from Myanmar in a refugee-like situation. The Government of Bangladesh estimates the population to be between 300,000 and 500,000.",2015,MMR,,REF
"The total figure at the end of 2016 includes 243,000 persons in Bangladesh originating from Myanmar in a refugee-like situation. The Government of Bangladesh estimates the population to be between 300,000 and 500,000.",2016,MMR,BGD,REF
