activity_year,lei,derived_msa-md,state_code,county_code,census_tract,conforming_loan_limit,derived_loan_product_type,derived_dwelling_category,derived_ethnicity,derived_race,derived_sex,action_taken,purchaser_type,preapproval,loan_type,loan_purpose,lien_status,reverse_mortgage,open-end_line_of_credit,business_or_commercial_purpose,loan_amount,loan_to_value_ratio,interest_rate,rate_spread,hoepa_status,total_loan_costs,total_points_and_fees,origination_charges,discount_points,lender_credits,loan_term,prepayment_penalty_term,intro_rate_period,negative_amortization,interest_only_payment,balloon_payment,other_nonamortizing_features,property_value,construction_method,occupancy_type,manufactured_home_secured_property_type,manufactured_home_land_property_interest,total_units,multifamily_affordable_units,income,debt_to_income_ratio,applicant_credit_score_type,co-applicant_credit_score_type,applicant_ethnicity-1,applicant_ethnicity-2,applicant_ethnicity-3,applicant_ethnicity-4,applicant_ethnicity-5,co-applicant_ethnicity-1,co-applicant_ethnicity-2,co-applicant_ethnicity-3,co-applicant_ethnicity-4,co-applicant_ethnicity-5,applicant_ethnicity_observed,co-applicant_ethnicity_observed,applicant_race-1,applicant_race-2,applicant_race-3,applicant_race-4,applicant_race-5,co-applicant_race-1,co-applicant_race-2,co-applicant_race-3,co-applicant_race-4,co-applicant_race-5,applicant_race_observed,co-applicant_race_observed,applicant_sex,co-applicant_sex,applicant_sex_observed,co-applicant_sex_observed,applicant_age,co-applicant_age,applicant_age_above_62,co-applicant_age_above_62,submission_of_application,initially_payable_to_institution,aus-1,aus-2,aus-3,aus-4,aus-5,denial_reason-1,denial_reason-2,denial_reason-3,denial_reason-4,tract_population,tract_minority_population_percent,ffiec_msa_md_median_family_income,tract_to_msa_income_percentage,tract_owner_occupied_units,tract_one_to_four_family_homes,tract_median_age_of_housing_units
2018,549300WTZMQSET2VY242,36420,OK,40017,40017301009,C,Conventional:First Lien,Single Family (1-4 Units):Site-Built,Not Hispanic or Latino,Black or African American,Female,3,0,2,1,1,1,2,2,2,135000.0,96.5,,,3,,,,,,360,,,2,2,2,2,145000.0,1,1,3,5,1,,54,40,3,10,2,,,,,5,,,,,2,4,3,,,,,8,,,,,2,4,2,5,2,4,45-54,9999,No,,1,1,1,,,,,7,,,,3629,15.29,69300,113,961,1153,10
2018,549300WTZMQSET2VY242,36420,OK,40017,40017300801,C,Conventional:First Lien,Single Family (1-4 Units):Site-Built,Ethnicity Not Available,White,Joint,3,0,2,1,1,1,2,2,2,155000.0,95.0,,,3,,,,,,360,,,2,2,2,2,155000.0,1,1,3,5,1,,35,50%-60%,2,9,3,,,,,3,,,,,2,2,5,,,,,5,,,,,2,2,1,2,2,2,<25,<25,No,No,1,1,1,,,,,1,,,,10106,24.15,69300,149,2981,3280,14
2018,549300WTZMQSET2VY242,36420,OK,40017,40017300902,C,Conventional:First Lien,Single Family (1-4 Units):Site-Built,Not Hispanic or Latino,White,Male,3,0,2,1,32,1,2,2,1,75000.0,66.406,,,3,,,,,,360,,,2,2,2,2,125000.0,1,3,3,5,1,,97,49,1,10,2,,,,,5,,,,,2,4,5,,,,,8,,,,,2,4,1,5,2,4,35-44,9999,No,,1,1,1,,,,,7,,,,2475,21.09,69300,108,750,933,39
2018,549300WTZMQSET2VY242,36420,OK,40017,40017301300,C,FHA:First Lien,Single Family (1-4 Units):Site-Built,Ethnicity Not Available,Race Not Available,Sex Not Available,3,0,2,2,1,1,2,2,2,175000.0,96.5,,,3,,,,,,360,,,2,2,2,2,175000.0,1,1,3,5,1,,55,50%-60%,1,10,3,,,,,5,,,,,2,4,6,,,,,8,,,,,2,4,3,5,2,4,25-34,9999,No,,1,1,1,,,,,3,,,,5302,19.94,69300,166,1528,1819,14
2018,549300WTZMQSET2VY242,36420,OK,40017,40017300905,C,Conventional:First Lien,Single Family (1-4 Units):Site-Built,Ethnicity Not Available,White,Joint,3,0,2,1,1,1,2,2,2,235000.0,80.0,,,3,,,,,,360,,,2,2,2,2,285000.0,1,1,3,5,1,,157,20%-<30%,9,2,3,,,,,3,,,,,2,2,5,,,,,5,,,,,2,2,1,2,2,2,45-54,45-54,No,No,1,1,1,,,,,7,,,,4815,21.47,69300,134,1290,1514,12
2018,549300WTZMQSET2VY242,36420,OK,40017,40017301202,C,Conventional:First Lien,Single Family (1-4 Units):Site-Built,Not Hispanic or Latino,White,Female,3,0,2,1,1,1,2,2,2,125000.0,85.0,,,3,,,,,,240,,,2,2,2,2,165000.0,1,1,3,5,1,,60,43,1,10,2,,,,,5,,,,,2,4,5,,,,,8,,,,,2,4,2,5,2,4,45-54,9999,No,,1,1,1,,,,,7,,,,2986,12.53,69300,101,805,1054,42
2018,549300WTZMQSET2VY242,36420,OK,40017,40017301006,C,FHA:First Lien,Single Family (1-4 Units):Site-Built,Not Hispanic or Latino,White,Joint,3,0,2,2,1,1,2,2,2,125000.0,96.5,,,3,,,,,,360,,,2,2,2,2,125000.0,1,1,3,5,1,,89,48,9,2,2,,,,,2,,,,,2,2,5,,,,,5,,,,,2,2,2,1,2,2,25-34,35-44,No,No,1,1,3,,,,,7,,,,3154,28.44,69300,109,902,1109,26
2018,549300WTZMQSET2VY242,36420,OK,40017,40017301009,C,VA:First Lien,Single Family (1-4 Units):Site-Built,Not Hispanic or Latino,White,Joint,3,0,2,3,1,1,2,2,2,245000.0,100.0,,,3,,,,,,360,,,2,2,2,2,245000.0,1,1,3,5,1,,110,44,9,2,2,,,,,2,,,,,2,2,5,,,,,5,,,,,2,2,1,2,2,2,35-44,35-44,No,No,1,1,1,,,,,4,,,,3629,15.29,69300,113,961,1153,10
2018,549300WTZMQSET2VY242,36420,OK,40017,40017301100,C,FHA:First Lien,Single Family (1-4 Units):Site-Built,Not Hispanic or Latino,White,Male,3,0,2,2,1,1,2,2,2,105000.0,96.5,,,3,,,,,,360,,,2,2,2,2,105000.0,1,1,3,5,1,,29,39,3,10,2,,,,,5,,,,,2,4,5,,,,,8,,,,,2,4,1,5,2,4,25-34,9999,No,,1,1,3,,,,,7,,,,6410,11.22,69300,120,1753,2098,34
2018,549300WTZMQSET2VY242,36420,OK,40017,40017300802,C,Conventional:First Lien,Single Family (1-4 Units):Site-Built,Not Hispanic or Latino,White,Female,3,0,2,1,1,1,2,2,2,155000.0,75.845,,,3,,,,,,360,,,2,2,2,2,205000.0,1,1,3,5,1,,60,40,2,10,2,,,,,5,,,,,2,4,5,,,,,8,,,,,2,4,2,5,2,4,55-64,9999,No,,1,1,1,,,,,5,,,,2522,9.36,69300,108,812,949,34
2018,549300WTZMQSET2VY242,36420,OK,40017,40017301407,C,Conventional:First Lien,Single Family (1-4 Units):Site-Built,Not Hispanic or Latino,White,Male,3,0,2,1,1,1,2,2,2,205000.0,88.27,,,3,,,,,,360,,,2,2,2,2,235000.0,1,1,3,5,1,,118,41,1,10,2,,,,,5,,,,,2,4,5,,,,,8,,,,,2,4,1,5,2,4,55-64,9999,Yes,,1,1,1,,,,,4,,,,5667,16.34,69300,129,1569,1916,28
2018,549300WTZMQSET2VY242,36420,OK,40017,40017301100,C,Conventional:First Lien,Single Family (1-4 Units):Site-Built,Not Hispanic or Latino,White,Male,3,0,2,1,1,1,2,2,2,135000.0,95.0,,,3,,,,,,360,,,2,2,2,2,165000.0,1,1,3,5,1,,67,43,3,10,2,,,,,5,,,,,2,4,5,,,,,8,,,,,2,4,1,5,2,4,45-54,9999,No,,1,1,1,,,,,1,,,,6410,11.22,69300,120,1753,2098,34
2018,549300WTZMQSET2VY242,36420,OK,40027,40027202107,C,Conventional:First Lien,Single Family (1-4 Units):Site-Built,Not Hispanic or Latino,White,Joint,3,0,2,1,1,1,2,2,2,195000.0,66.102,,,3,,,,,,360,,,2,2,2,2,295000.0,1,1,3,5,1,,78,39,9,1,2,,,,,2,,,,,2,2,5,,,,,5,,,,,2,2,1,2,2,2,25-34,25-34,No,No,1,1,1,,,,,7,,,,2764,33.07,69300,152,800,985,10
2018,549300WTZMQSET2VY242,36420,OK,40027,40027201405,C,Conventional:First Lien,Single Family (1-4 Units):Site-Built,Not Hispanic or Latino,White,Joint,3,0,2,1,1,1,2,2,2,225000.0,80.0,,,3,,,,,,180,,,2,2,2,2,275000.0,1,1,3,5,1,,120,42,1,9,2,,,,,2,,,,,2,2,5,,,,,5,,,,,2,2,1,2,2,2,55-64,65-74,Yes,Yes,1,1,1,,,,,7,,,,5252,15.92,69300,140,1646,2207,14
2018,549300WTZMQSET2VY242,36420,OK,40027,40027202301,C,Conventional:First Lien,Single Family (1-4 Units):Site-Built,Not Hispanic or Latino,White,Joint,3,0,2,1,31,1,2,2,2,425000.0,95.0,,,3,,,,,,360,,,2,2,2,2,405000.0,1,1,3,5,1,,152,>60%,3,9,2,,,,,2,,,,,2,2,5,,,,,5,,,,,2,2,1,2,2,2,35-44,35-44,No,No,1,1,1,,,,,1,,,,5756,11.17,69300,133,1842,2082,24
2018,549300WTZMQSET2VY242,36420,OK,40027,40027202205,C,FHA:First Lien,Single Family (1-4 Units):Site-Built,Not Hispanic or Latino,White,Joint,3,0,2,2,1,1,2,2,2,275000.0,96.5,,,3,,,,,,360,,,2,2,2,2,275000.0,1,1,3,5,1,,53,46,9,2,2,,,,,2,,,,,2,2,5,,,,,5,,,,,2,2,2,1,2,2,25-34,25-34,No,No,1,1,3,,,,,7,,,,6924,32.96,69300,135,2135,2498,12
2018,549300WTZMQSET2VY242,36420,OK,40027,40027201612,C,FHA:First Lien,Single Family (1-4 Units):Site-Built,Not Hispanic or Latino,White,Male,3,0,2,2,1,1,2,2,2,135000.0,96.5,,,3,,,,,,360,,,2,2,2,2,135000.0,1,1,3,5,1,,40,30%-<36%,1,10,2,,,,,5,,,,,2,4,5,,,,,8,,,,,2,4,1,5,2,4,25-34,9999,No,,1,1,3,,,,,5,,,,4986,35.58,69300,107,1537,1868,27
2018,549300WTZMQSET2VY242,36420,OK,40027,40027201510,C,Conventional:First Lien,Single Family (1-4 Units):Site-Built,Not Hispanic or Latino,White,Female,3,0,2,1,32,1,2,2,2,105000.0,33.898,,,3,,,,,,360,,,2,2,2,2,295000.0,1,1,3,5,1,,45,40,3,10,2,,,,,5,,,,,2,4,5,,,,,8,,,,,2,4,2,5,2,4,45-54,9999,No,,1,1,1,,,,,3,,,,7588,25.87,69300,161,2098,2528,17
2018,549300WTZMQSET2VY242,36420,OK,40027,40027202002,C,FHA:First Lien,Single Family (1-4 Units):Site-Built,Not Hispanic or Latino,White,Male,3,0,2,2,1,1,2,2,2,195000.0,96.5,,,3,,,,,,360,,,2,2,2,2,195000.0,1,1,3,5,1,,91,43,3,10,2,,,,,5,,,,,2,4,5,,,,,8,,,,,2,4,1,5,2,4,45-54,9999,No,,1,1,3,,,,,9,,,,4171,20.57,69300,89,1038,1385,32
2018,549300WTZMQSET2VY242,36420,OK,40027,40027201203,C,Conventional:First Lien,Single Family (1-4 Units):Site-Built,Not Hispanic or Latino,White,Male,3,0,2,1,1,1,2,2,2,145000.0,94.898,,,3,,,,,,360,,,2,2,2,2,145000.0,1,1,3,5,1,,73,20%-<30%,3,10,2,,,,,5,,,,,2,4,5,,,,,8,,,,,2,4,1,5,2,4,25-34,9999,No,,1,1,1,,,,,4,,,,5391,34.76,69300,77,727,1024,22
2018,549300WTZMQSET2VY242,36420,OK,40027,40027202402,C,FHA:First Lien,Single Family (1-4 Units):Site-Built,Not Hispanic or Latino,White,Male,3,0,2,2,1,1,2,2,2,175000.0,93.085,,,3,,,,,,360,,,2,2,2,2,185000.0,1,1,3,5,1,,48,50%-60%,2,10,2,,,,,5,,,,,2,4,5,,,,,8,,,,,2,4,1,5,2,4,45-54,9999,No,,1,1,3,,,,,7,,,,5964,16.87,69300,97,1894,2448,28
2018,549300WTZMQSET2VY242,36420,OK,40027,40027201902,C,FHA:First Lien,Single Family (1-4 Units):Site-Built,Hispanic or Latino,White,Male,3,0,2,2,1,1,2,2,2,135000.0,96.5,,,3,,,,,,360,,,2,2,2,2,115000.0,1,1,3,5,1,,32,47,2,10,1,11.0,,,,5,,,,,2,4,5,,,,,8,,,,,2,4,1,5,2,4,35-44,9999,No,,1,1,1,,,,,1,,,,4625,41.45,69300,107,1201,1519,33
2018,549300WTZMQSET2VY242,36420,OK,40027,40027201602,C,FHA:First Lien,Single Family (1-4 Units):Site-Built,Hispanic or Latino,White,Male,3,0,2,2,1,1,2,2,2,105000.0,96.5,,,3,,,,,,360,,,2,2,2,2,105000.0,1,1,3,5,1,,34,39,3,10,1,11.0,,,,5,,,,,2,4,5,,,,,8,,,,,2,4,1,5,2,4,25-34,9999,No,,1,1,1,,,,,5,,,,2960,21.01,69300,93,887,1139,43
2018,549300WTZMQSET2VY242,36420,OK,40027,40027201101,C,Conventional:First Lien,Single Family (1-4 Units):Site-Built,Not Hispanic or Latino,American Indian or Alaska Native,Female,3,0,2,1,1,1,2,2,2,85000.0,63.742,,,3,,,,,,180,,,2,2,2,2,135000.0,1,1,3,5,1,,49,20%-<30%,3,10,2,,,,,5,,,,,2,4,1,5.0,,,,8,,,,,2,4,2,5,2,4,65-74,9999,Yes,,1,1,1,,,,,4,,,,5378,25.55,69300,125,1417,1987,35
2018,549300WTZMQSET2VY242,36420,OK,40027,40027202005,C,Conventional:First Lien,Single Family (1-4 Units):Site-Built,Not Hispanic or Latino,White,Joint,3,0,2,1,1,1,2,2,1,75000.0,80.0,,,3,,,,,,360,,,2,2,2,2,95000.0,1,3,3,5,1,,76,20%-<30%,1,9,2,,,,,2,,,,,2,2,5,,,,,5,,,,,2,2,2,1,2,2,35-44,35-44,No,No,1,1,1,,,,,7,,,,5821,33.4,69300,77,1396,2157,38
2018,549300WTZMQSET2VY242,36420,OK,40027,40027200300,C,Conventional:First Lien,Single Family (1-4 Units):Site-Built,Hispanic or Latino,White,Joint,3,0,2,1,1,1,2,2,2,75000.0,95.0,,,3,,,,,,360,,,2,2,2,2,75000.0,1,1,3,5,1,,39,46,9,3,1,11.0,,,,1,11.0,,,,2,2,5,,,,,5,,,,,2,2,1,2,2,2,65-74,55-64,Yes,No,1,1,1,,,,,4,,,,3890,31.77,69300,54,671,1608,47
2018,549300WTZMQSET2VY242,36420,OK,40027,40027202500,C,FHA:First Lien,Single Family (1-4 Units):Site-Built,Not Hispanic or Latino,White,Female,3,0,2,2,1,1,2,2,2,85000.0,59.864,,,3,,,,,,360,,,2,2,2,2,145000.0,1,1,3,5,1,,31,30%-<36%,3,10,2,,,,,5,,,,,2,4,5,,,,,8,,,,,2,4,2,5,2,4,55-64,9999,No,,1,1,3,,,,,1,5.0,,,6702,18.32,69300,80,1605,2399,32
2018,549300WTZMQSET2VY242,36420,OK,40027,40027201802,C,Conventional:First Lien,Single Family (1-4 Units):Site-Built,Not Hispanic or Latino,White,Joint,3,0,2,1,1,1,2,2,2,235000.0,95.0,,,3,,,,,,360,,,2,2,2,2,255000.0,1,1,3,5,1,,121,46,9,2,2,,,,,2,,,,,2,2,5,,,,,5,,,,,2,2,1,2,2,2,45-54,35-44,No,No,1,1,1,,,,,7,,,,3528,23.21,69300,123,903,1030,20
2018,549300WTZMQSET2VY242,30020,OK,40031,40031002004,C,FHA:First Lien,Single Family (1-4 Units):Site-Built,Not Hispanic or Latino,White,Female,3,0,2,2,1,1,2,2,2,65000.0,96.5,,,3,,,,,,360,,,2,2,2,2,65000.0,1,1,3,5,1,,30,20%-<30%,3,10,2,,,,,5,,,,,2,4,5,,,,,8,,,,,2,4,2,5,2,4,<25,9999,No,,1,1,3,,,,,7,,,,4083,39.14,61200,109,953,1546,34
2018,549300WTZMQSET2VY242,30020,OK,40031,40031002004,C,VA:First Lien,Single Family (1-4 Units):Site-Built,Not Hispanic or Latino,White,Male,3,0,2,3,1,1,2,2,2,65000.0,100.0,,,3,,,,,,360,,,2,2,2,2,65000.0,1,1,3,5,1,,44,42,3,10,2,,,,,5,,,,,2,4,5,,,,,8,,,,,2,4,1,5,2,4,45-54,9999,No,,1,1,1,,,,,4,,,,4083,39.14,61200,109,953,1546,34
2018,549300WTZMQSET2VY242,30020,OK,40031,40031002301,C,VA:First Lien,Single Family (1-4 Units):Site-Built,Not Hispanic or Latino,Black or African American,Male,3,0,2,3,1,1,2,2,2,365000.0,100.0,,,3,,,,,,360,,,2,2,2,2,365000.0,1,1,3,5,1,,104,30%-<36%,1,10,2,,,,,5,,,,,2,4,3,,,,,8,,,,,2,4,1,5,2,4,45-54,9999,No,,1,1,1,,,,,7,,,,5805,26.2,61200,147,1664,2198,22
2018,549300WTZMQSET2VY242,30020,OK,40031,40031002302,C,VA:First Lien,Single Family (1-4 Units):Site-Built,Not Hispanic or Latino,White,Male,3,0,2,3,1,1,2,2,2,165000.0,100.0,,,3,,,,,,360,,,2,2,2,2,165000.0,1,1,3,5,1,,69,20%-<30%,2,10,2,,,,,5,,,,,2,4,5,,,,,8,,,,,2,4,1,5,2,4,35-44,9999,No,,1,1,1,,,,,7,,,,5075,29.64,61200,116,1310,1908,36
2018,549300WTZMQSET2VY242,30020,OK,40031,40031000502,C,Conventional:First Lien,Single Family (1-4 Units):Site-Built,Not Hispanic or Latino,White,Joint,3,0,2,1,1,1,2,2,2,115000.0,90.0,,,3,,,,,,360,,,2,2,2,2,125000.0,1,1,3,5,1,,64,36,9,3,2,,,,,2,,,,,2,2,5,,,,,5,,,,,2,2,2,1,2,2,45-54,55-64,No,No,1,1,1,,,,,4,,,,8756,53.4,61200,101,1656,2737,20
2018,549300WTZMQSET2VY242,30020,OK,40031,40031000100,C,FHA:First Lien,Single Family (1-4 Units):Site-Built,Not Hispanic or Latino,White,Male,3,0,2,2,1,1,2,2,2,75000.0,96.5,,,3,,,,,,360,,,2,2,2,2,75000.0,1,1,3,5,1,,51,30%-<36%,9,1,2,,,,,2,,,,,1,1,5,,,,,5,,,,,1,1,1,1,1,1,35-44,35-44,No,No,1,1,3,,,,,3,,,,4366,49.93,61200,68,589,1715,56
2018,549300WTZMQSET2VY242,30020,OK,40031,40031002100,C,VA:First Lien,Single Family (1-4 Units):Site-Built,Hispanic or Latino,White,Male,3,0,2,3,1,1,2,2,2,265000.0,100.0,,,3,,,,,,360,,,2,2,2,2,265000.0,1,1,3,5,1,,63,30%-<36%,1,10,1,11.0,,,,5,,,,,2,4,5,,,,,8,,,,,2,4,1,5,2,4,45-54,9999,No,,1,1,1,,,,,4,,,,7936,19.09,61200,127,2029,3166,28
2018,549300WTZMQSET2VY242,30020,OK,40031,40031000502,C,FHA:First Lien,Single Family (1-4 Units):Site-Built,Not Hispanic or Latino,White,Joint,3,0,2,2,1,1,2,2,2,145000.0,96.5,,,3,,,,,,360,,,2,2,2,2,155000.0,1,1,3,5,1,,73,36,3,9,2,,,,,2,,,,,2,2,5,,,,,5,,,,,2,2,1,2,2,2,25-34,25-34,No,No,1,1,3,,,,,4,,,,8756,53.4,61200,101,1656,2737,20
2018,549300WTZMQSET2VY242,30020,OK,40031,40031002001,C,FHA:First Lien,Single Family (1-4 Units):Site-Built,Not Hispanic or Latino,White,Joint,3,0,2,2,1,1,2,2,2,55000.0,95.0,,,3,,,,,,360,,,2,2,2,2,65000.0,1,1,3,5,1,,52,20%-<30%,9,3,2,,,,,2,,,,,2,2,5,,,,,5,,,,,2,2,2,1,2,2,35-44,35-44,No,No,1,1,1,,,,,3,,,,5415,44.3,61200,140,1183,1910,24
2018,549300WTZMQSET2VY242,30020,OK,40031,40031002302,C,FHA:First Lien,Single Family (1-4 Units):Manufactured,Not Hispanic or Latino,Joint,Joint,3,0,2,2,1,1,2,2,2,165000.0,96.5,,,3,,,,,,360,,,2,2,2,2,175000.0,2,1,1,1,1,,55,>60%,2,9,2,,,,,2,,,,,2,2,1,5.0,,,,5,,,,,2,2,2,1,2,2,45-54,45-54,No,No,1,1,6,,,,,2,1.0,,,5075,29.64,61200,116,1310,1908,36
2018,549300WTZMQSET2VY242,30020,OK,40031,40031002302,C,Conventional:First Lien,Single Family (1-4 Units):Site-Built,Not Hispanic or Latino,White,Joint,3,0,2,1,1,1,2,2,2,275000.0,97.0,,,3,,,,,,360,,,2,2,2,2,275000,1,1,3,5,1,,70,42,1,9,2,,,,,2,,,,,2,2,5,,,,,5,,,,,2,2,1,2,2,2,25-34,25-34,No,No,1,1,1,,,,,7,,,,5075,29.64,61200,116,1310,1908,36
2018,549300WTZMQSET2VY242,30020,OK,40031,40031002100,C,FHA:First Lien,Single Family (1-4 Units):Site-Built,Not Hispanic or Latino,White,Joint,3,0,2,2,1,1,2,2,2,105000.0,100.0,,,3,,,,,,360,,,2,2,2,2,115000,1,1,3,5,1,,58,20%-<30%,3,9,2,,,,,2,,,,,2,2,5,,,,,5,,,,,2,2,1,2,2,2,25-34,25-34,No,No,1,1,1,,,,,3,,,,7936,19.09,61200,127,2029,3166,28
2018,549300WTZMQSET2VY242,30020,OK,40031,40031000401,C,FHA:First Lien,Single Family (1-4 Units):Site-Built,Not Hispanic or Latino,White,Male,3,0,2,2,1,1,2,2,2,75000.0,96.5,,,3,,,,,,360,,,2,2,2,2,75000.0,1,1,3,5,1,,23,40,1,10,2,,,,,5,,,,,1,4,5,,,,,8,,,,,1,4,1,5,1,4,25-34,9999,No,,1,1,1,,,,,1,,,,6431,52.53,61200,72,1191,1962,38
2018,549300WTZMQSET2VY242,30020,OK,40031,40031000402,C,VA:First Lien,Single Family (1-4 Units):Site-Built,Joint,Joint,Joint,3,0,2,3,1,1,2,2,2,255000.0,100.0,,,3,,,,,,360,,,2,2,2,2,245000.0,1,1,3,5,1,,151,<20%,3,9,2,,,,,1,12.0,,,,2,2,3,,,,,5,,,,,2,2,1,2,1,1,35-44,35-44,No,No,1,1,1,,,,,4,,,,4511,45.91,61200,120,925,1512,37
2018,549300WTZMQSET2VY242,30020,OK,40031,40031000100,C,FHA:First Lien,Single Family (1-4 Units):Site-Built,Ethnicity Not Available,Race Not Available,Female,3,0,2,2,1,1,2,2,2,55000.0,96.5,,,3,,,,,,360,,,2,2,2,2,65000,1,1,3,5,1,,23,30%-<36%,3,10,3,,,,,5,,,,,2,4,6,,,,,8,,,,,2,4,2,5,2,4,45-54,9999,No,,1,1,1,,,,,3,,,,4366,49.93,61200,68,589,1715,56
2018,549300WTZMQSET2VY242,30020,OK,40031,40031002004,C,VA:First Lien,Single Family (1-4 Units):Site-Built,Not Hispanic or Latino,White,Male,3,0,2,3,1,1,2,2,2,95000.0,100.0,,,3,,,,,,360,,,2,2,2,2,95000,1,1,3,5,1,,58,20%-<30%,1,10,2,,,,,5,,,,,2,4,5,,,,,8,,,,,2,4,1,5,1,4,65-74,9999,Yes,,1,1,1,,,,,3,,,,4083,39.14,61200,109,953,1546,34
2018,549300WTZMQSET2VY242,30020,OK,40031,40031001901,C,VA:First Lien,Single Family (1-4 Units):Site-Built,Not Hispanic or Latino,White,Joint,3,0,2,3,1,1,2,2,2,95000.0,100.0,,,3,,,,,,360,,,2,2,2,2,95000,1,1,3,5,1,,63,20%-<30%,9,3,2,,,,,2,,,,,2,2,5,,,,,5,,,,,2,2,1,2,2,2,<25,<25,No,No,1,1,6,,,,,7,,,,1857,46.74,61200,86,483,760,42
2018,549300WTZMQSET2VY242,30020,OK,40031,40031000401,C,Conventional:First Lien,Single Family (1-4 Units):Site-Built,Not Hispanic or Latino,American Indian or Alaska Native,Female,3,0,2,1,1,1,2,2,2,85000.0,80.0,,,3,,,,,,360,,,2,2,2,2,105000,1,1,3,5,1,,49,<20%,2,10,2,,,,,5,,,,,2,4,1,5.0,,,,8,,,,,2,4,2,5,2,4,65-74,9999,Yes,,1,1,1,,,,,7,,,,6431,52.53,61200,72,1191,1962,38
2018,549300WTZMQSET2VY242,30020,OK,40031,40031002301,C,VA:First Lien,Single Family (1-4 Units):Site-Built,Not Hispanic or Latino,White,Male,3,0,2,3,1,1,2,2,2,255000.0,95.0,,,3,,,,,,360,,,2,2,2,2,265000,1,1,3,5,1,,92,20%-<30%,1,10,2,,,,,5,,,,,2,4,5,,,,,8,,,,,2,4,1,5,2,4,25-34,9999,No,,1,1,1,,,,,7,,,,5805,26.2,61200,147,1664,2198,22
2018,549300WTZMQSET2VY242,30020,OK,40031,40031002100,C,VA:First Lien,Single Family (1-4 Units):Site-Built,Hispanic or Latino,White,Male,3,0,2,3,1,1,2,2,2,175000.0,100.0,,,3,,,,,,360,,,2,2,2,2,175000,1,1,3,5,1,,66,20%-<30%,1,10,1,,,,,5,,,,,2,4,5,,,,,8,,,,,2,4,1,5,2,4,35-44,9999,No,,1,1,1,,,,,2,,,,7936,19.09,61200,127,2029,3166,28
2018,549300WTZMQSET2VY242,30020,OK,40031,40031002100,C,Conventional:First Lien,Single Family (1-4 Units):Site-Built,Not Hispanic or Latino,White,Joint,3,0,2,1,1,1,2,2,2,135000.0,95.0,,,3,,,,,,360,,,2,2,2,2,135000.0,1,1,3,5,1,,127,20%-<30%,9,1,2,,,,,2,,,,,2,2,5,,,,,5,,,,,2,2,1,2,2,2,35-44,25-34,No,No,1,1,1,,,,,4,,,,7936,19.09,61200,127,2029,3166,28
2018,549300WTZMQSET2VY242,46140,OK,40037,40037020707,C,FHA:First Lien,Single Family (1-4 Units):Manufactured,Not Hispanic or Latino,White,Male,3,0,2,2,1,1,2,2,2,75000.0,95.374,,,3,,,,,,360,,,2,2,2,2,75000.0,2,1,1,1,1,,37,41,2,10,2,,,,,5,,,,,1,4,5,,,,,8,,,,,1,4,1,5,1,4,45-54,9999,No,,1,1,3,,,,,7,,,,1884,20.44,65800,101,606,811,23
2018,549300WTZMQSET2VY242,46140,OK,40037,40037020601,C,FHA:First Lien,Single Family (1-4 Units):Site-Built,Not Hispanic or Latino,White,Male,3,0,2,2,1,1,2,2,2,105000.0,96.5,,,3,,,,,,360,,,2,2,2,2,105000.0,1,1,3,5,1,,53,43,1,10,2,,,,,5,,,,,2,4,5,,,,,8,,,,,2,4,1,5,2,4,35-44,9999,No,,1,1,3,,,,,4,,,,6329,21.93,65800,79,1564,2269,31
2018,549300WTZMQSET2VY242,46140,OK,40037,40037020900,C,Conventional:First Lien,Single Family (1-4 Units):Site-Built,Not Hispanic or Latino,White,Joint,3,0,2,1,1,1,2,2,2,225000.0,80.0,,,3,,,,,,360,,,2,2,2,2,275000.0,1,1,3,5,1,,150,20%-<30%,9,3,2,,,,,2,,,,,2,2,5,,,,,5,,,,,2,2,1,2,2,2,25-34,25-34,No,No,1,1,1,,,,,2,,,,2973,20.18,65800,93,780,1241,41
2018,549300WTZMQSET2VY242,46140,OK,40037,40037020601,C,Conventional:First Lien,Single Family (1-4 Units):Site-Built,Hispanic or Latino,White,Joint,3,0,2,1,1,1,2,2,2,105000.0,90.0,,,3,,,,,,360,,,2,2,2,2,95000.0,1,2,3,5,1,,80,20%-<30%,3,9,1,11.0,,,,1,11.0,,,,2,2,5,,,,,5,,,,,2,2,1,2,2,2,35-44,25-34,No,No,1,1,1,,,,,4,,,,6329,21.93,65800,79,1564,2269,31
2018,549300WTZMQSET2VY242,36420,OK,40051,40051000901,C,FHA:First Lien,Single Family (1-4 Units):Site-Built,Not Hispanic or Latino,White,Joint,3,0,2,2,1,1,2,2,2,115000.0,96.5,,,3,,,,,,360,,,2,2,2,2,115000.0,1,1,3,5,1,,87,47,9,2,2,,,,,3,,,,,2,2,5,,,,,6,,,,,2,2,2,1,2,2,25-34,35-44,No,No,1,1,3,,,,,4,,,,2304,13.11,69300,100,705,1021,42
2018,549300WTZMQSET2VY242,36420,OK,40051,40051000903,C,Conventional:First Lien,Single Family (1-4 Units):Site-Built,Not Hispanic or Latino,White,Joint,3,0,2,1,1,1,2,2,2,145000.0,95.0,,,3,,,,,,360,,,2,2,2,2,155000.0,1,1,3,5,1,,95,49,9,3,2,,,,,2,,,,,2,2,5,,,,,5,,,,,2,2,1,2,2,2,55-64,65-74,No,Yes,1,1,1,,,,,1,,,,9783,12.32,69300,122,2820,3446,23
2018,549300WTZMQSET2VY242,36420,OK,40051,40051000903,C,FHA:First Lien,Single Family (1-4 Units):Site-Built,Not Hispanic or Latino,White,Joint,3,0,2,2,1,1,2,2,2,145000.0,96.5,,,3,,,,,,360,,,2,2,2,2,155000.0,1,1,3,5,1,,60,>60%,9,3,2,,,,,2,,,,,2,2,5,,,,,5,,,,,2,2,1,2,2,2,55-64,65-74,No,Yes,1,1,3,,,,,2,1.0,,,9783,12.32,69300,122,2820,3446,23
2018,549300WTZMQSET2VY242,99999,OK,40073,40073958200,C,Conventional:First Lien,Single Family (1-4 Units):Site-Built,Not Hispanic or Latino,White,Male,3,0,2,1,1,1,2,2,2,245000.0,106.335,,,3,,,,,,360,,,2,2,2,2,235000.0,1,1,3,5,1,,71,42,2,10,2,,,,,5,,,,,2,4,5,,,,,8,,,,,2,4,1,5,2,4,25-34,9999,No,,1,1,1,,,,,4,,,,2276,16.34,54500,130,663,948,37
2018,549300WTZMQSET2VY242,99999,OK,40073,40073958400,C,Conventional:First Lien,Single Family (1-4 Units):Site-Built,Not Hispanic or Latino,White,Joint,3,0,2,1,1,1,2,2,2,215000.0,48.611,,,3,,,,,,300,,,2,2,2,2,435000.0,1,1,3,5,1,,128,<20%,2,9,2,,,,,2,,,,,2,2,5,,,,,5,,,,,2,2,1,2,2,2,35-44,35-44,No,No,1,1,1,,,,,7,,,,2395,7.559999999999999,54500,147,780,1089,34
2018,549300WTZMQSET2VY242,36420,OK,40081,40081961300,C,FHA:First Lien,Single Family (1-4 Units):Manufactured,Not Hispanic or Latino,White,Male,3,0,2,2,1,1,2,2,2,125000.0,75.758,,,3,,,,,,360,,,2,2,2,2,165000.0,2,1,1,1,1,,48,48,3,10,2,,,,,5,,,,,2,4,5,,,,,8,,,,,2,4,1,5,2,4,65-74,9999,Yes,,1,1,3,,,,,4,,,,4233,12.66,69300,88,1416,1876,34
2018,549300WTZMQSET2VY242,36420,OK,40081,40081961200,C,Conventional:First Lien,Single Family (1-4 Units):Site-Built,Not Hispanic or Latino,White,Joint,3,0,2,1,1,1,2,2,2,185000.0,106.588,,,3,,,,,,360,,,2,2,2,2,175000.0,1,1,3,5,1,,93,20%-<30%,2,9,2,,,,,2,,,,,2,2,5,,,,,5,,,,,2,2,1,2,2,2,25-34,25-34,No,No,1,1,1,,,,,4,,,,4462,14.3,69300,75,1224,1817,35
2018,549300WTZMQSET2VY242,36420,OK,40081,40081961100,C,FHA:First Lien,Single Family (1-4 Units):Site-Built,Not Hispanic or Latino,Black or African American,Female,3,0,2,2,1,1,2,2,2,75000.0,96.5,,,3,,,,,,360,,,2,2,2,2,75000.0,1,1,3,5,1,,28,44,3,10,2,,,,,5,,,,,2,4,3,,,,,8,,,,,2,4,2,5,2,4,45-54,9999,No,,1,1,3,,,,,4,,,,4670,21.28,69300,82,1307,2203,39
2018,549300WTZMQSET2VY242,36420,OK,40083,40083600500,C,Conventional:First Lien,Single Family (1-4 Units):Site-Built,Not Hispanic or Latino,American Indian or Alaska Native,Male,3,0,2,1,1,1,2,2,2,35000.0,80.0,,,3,,,,,,240,,,2,2,2,2,45000.0,1,1,3,5,1,,41,30%-<36%,2,10,2,,,,,5,,,,,2,4,1,5.0,,,,8,,,,,2,4,1,5,2,4,55-64,9999,No,,1,1,1,,,,,4,,,,7486,13.88,69300,98,2450,2987,20
2018,549300WTZMQSET2VY242,36420,OK,40083,40083600400,C,Conventional:First Lien,Single Family (1-4 Units):Site-Built,Not Hispanic or Latino,White,Joint,3,0,2,1,1,1,2,2,1,165000.0,85.0,,,3,,,,,,360,,,2,2,2,2,185000.0,1,3,3,5,1,,162,36,9,1,2,,,,,2,,,,,2,2,5,,,,,5,,,,,2,2,1,2,2,2,55-64,55-64,No,No,1,1,1,,,,,7,,,,9396,20.65,69300,134,2709,3237,27
2018,549300WTZMQSET2VY242,36420,OK,40083,40083600700,C,FHA:First Lien,Single Family (1-4 Units):Site-Built,Not Hispanic or Latino,2 or more minority races,Joint,3,0,2,2,31,1,2,2,2,45000.0,80.838,,,3,,,,,,360,,,2,2,2,2,95000.0,1,1,3,5,1,,51,20%-<30%,9,1,2,,,,,2,,,,,2,2,1,3.0,,,,3,,,,,2,2,1,2,2,2,55-64,55-64,Yes,No,1,1,3,,,,,3,,,,4872,18.39,69300,78,1570,2286,39
2018,549300WTZMQSET2VY242,36420,OK,40083,40083600800,C,Conventional:First Lien,Single Family (1-4 Units):Site-Built,Not Hispanic or Latino,White,Joint,3,0,2,1,1,1,2,2,2,315000.0,80.0,,,3,,,,,,360,,,2,2,2,2,395000.0,1,1,3,5,1,,137,20%-<30%,2,9,2,,,,,2,,,,,2,2,5,,,,,5,,,,,2,2,2,1,2,2,55-64,55-64,No,No,1,1,1,,,,,7,,,,8063,10.55,69300,159,2420,2870,21
2018,549300WTZMQSET2VY242,36420,OK,40083,40083600800,C,VA:First Lien,Single Family (1-4 Units):Site-Built,Not Hispanic or Latino,White,Male,3,0,2,3,1,1,2,2,2,275000.0,100.0,,,3,,,,,,360,,,2,2,2,2,305000.0,1,1,3,5,1,,93,48,1,10,2,,,,,5,,,,,2,4,5,,,,,8,,,,,2,4,1,5,2,4,45-54,9999,No,,1,1,1,,,,,4,,,,8063,10.55,69300,159,2420,2870,21
2018,549300WTZMQSET2VY242,99999,OK,40099,40099790700,C,Conventional:First Lien,Single Family (1-4 Units):Site-Built,Not Hispanic or Latino,Joint,Joint,3,0,2,1,1,1,2,2,2,75000.0,90.0,,,3,,,,,,360,,,2,2,2,2,85000.0,1,2,3,5,1,,113,40,9,1,2,,,,,2,,,,,2,2,5,,,,,4,5.0,,,,2,2,1,2,2,2,45-54,35-44,No,No,1,1,1,,,,,4,,,,5348,25.86,54500,126,1506,2709,34
2018,549300WTZMQSET2VY242,99999,OK,40101,40101001300,C,FHA:First Lien,Single Family (1-4 Units):Manufactured,Not Hispanic or Latino,American Indian or Alaska Native,Female,3,0,2,2,1,1,2,2,2,75000.0,81.646,,,3,,,,,,360,,,2,2,2,2,85000.0,2,1,1,1,1,,29,20%-<30%,1,10,2,,,,,5,,,,,2,4,1,,,,,8,,,,,2,4,2,5,2,4,45-54,9999,No,,1,1,6,,,,,4,,,,6319,38.42,54500,107,1748,2638,35
2018,549300WTZMQSET2VY242,36420,OK,40109,40109108217,C,FHA:First Lien,Single Family (1-4 Units):Site-Built,Not Hispanic or Latino,White,Male,3,0,2,2,1,1,2,2,2,185000.0,96.5,,,3,,,,,,360,,,2,2,2,2,195000.0,1,1,3,5,1,,42,20%-<30%,1,10,2,,,,,5,,,,,1,4,5,,,,,8,,,,,1,4,1,5,1,4,35-44,9999,No,,1,1,3,,,,,7,,,,4512,24.89,69300,120,1068,1697,27
2018,549300WTZMQSET2VY242,36420,OK,40109,40109106911,C,Conventional:First Lien,Single Family (1-4 Units):Site-Built,Not Hispanic or Latino,White,Female,3,0,2,1,1,1,2,2,2,365000.0,73.077,,,3,,,,,,360,,,2,2,2,2,525000.0,1,1,3,5,1,,71,46,2,9,2,,,,,2,,,,,2,2,5,,,,,5,,,,,2,2,2,2,2,2,55-64,>74,No,Yes,1,1,1,,,,,7,,,,1811,37.71,69300,81,564,720,42
2018,549300WTZMQSET2VY242,36420,OK,40109,40109107801,C,FHA:First Lien,Single Family (1-4 Units):Site-Built,Not Hispanic or Latino,White,Female,3,0,2,2,1,1,2,2,2,55000.0,109.752,,,3,,,,,,360,,,2,2,2,2,65000.0,1,1,3,5,1,,17,30%-<36%,3,10,2,,,,,5,,,,,2,4,5,,,,,8,,,,,2,4,2,5,2,4,65-74,9999,Yes,,1,1,3,,,,,7,,,,3986,63.4,69300,81,721,1384,47
2018,549300WTZMQSET2VY242,36420,OK,40109,40109102300,C,Conventional:First Lien,Single Family (1-4 Units):Site-Built,Hispanic or Latino,White,Joint,3,0,2,1,1,1,2,2,2,75000.0,94.999,,,3,,,,,,360,,,2,2,2,2,85000.0,1,1,3,5,1,,113,49,1,9,1,,,,,1,,,,,1,2,5,,,,,5,,,,,1,2,1,2,1,2,<25,35-44,No,No,1,1,1,,,,,7,,,,3430,54.64,69300,54,637,1550,76
2018,549300WTZMQSET2VY242,36420,OK,40109,40109106401,NC,Conventional:First Lien,Single Family (1-4 Units):Site-Built,Not Hispanic or Latino,White,Joint,3,0,2,1,31,1,2,2,2,2805000.0,75.0,,,3,,,,,,360,,,2,2,2,2,3505000.0,1,1,3,5,1,,307,38,1,9,2,,,,,2,,,,,2,2,5,,,,,5,,,,,2,2,1,2,2,2,35-44,35-44,No,No,1,1,6,,,,,1,,,,2189,10.55,69300,327,783,988,63
2018,549300WTZMQSET2VY242,36420,OK,40109,40109108213,C,Conventional:First Lien,Single Family (1-4 Units):Site-Built,Joint,White,Joint,3,0,2,1,31,1,2,2,2,185000.0,48.34,,,3,,,,,,180,,,2,2,2,2,375000.0,1,1,3,5,1,,83,48,1,9,2,,,,,1,,,,,2,2,5,,,,,6,,,,,2,2,1,2,2,2,35-44,35-44,No,No,1,1,1,,,,,6,,,,9237,12.01,69300,205,2860,3062,14
2018,549300WTZMQSET2VY242,36420,OK,40109,40109108708,C,Conventional:First Lien,Single Family (1-4 Units):Site-Built,Not Hispanic or Latino,White,Male,3,0,2,1,1,1,2,2,2,165000.0,90.0,,,3,,,,,,360,,,2,2,2,2,225000.0,1,1,3,5,1,,54,49,2,10,2,,,,,5,,,,,2,4,5,,,,,8,,,,,2,4,1,5,2,4,25-34,9999,No,,1,1,1,,,,,4,,,,3062,10.74,69300,108,972,1261,29
2018,549300WTZMQSET2VY242,36420,OK,40109,40109108113,C,Conventional:First Lien,Single Family (1-4 Units):Site-Built,Not Hispanic or Latino,White,Male,3,0,2,1,31,1,2,2,1,325000.0,75.0,,,3,,,,,,360,,,2,2,2,2,415000.0,1,3,3,5,1,,325,<20%,1,10,2,,,,,5,,,,,2,4,5,,,,,8,,,,,2,4,1,5,2,4,35-44,9999,No,,1,1,1,,,,,5,,,,5022,26.7,69300,122,1194,1530,26
2018,549300WTZMQSET2VY242,36420,OK,40109,40109106000,C,Conventional:First Lien,Single Family (1-4 Units):Site-Built,Not Hispanic or Latino,Black or African American,Male,3,0,2,1,1,1,2,2,2,195000.0,82.821,,,3,,,,,,360,,,2,2,2,2,195000.0,1,1,3,5,1,,59,36,2,10,2,,,,,5,,,,,2,4,3,,,,,8,,,,,2,4,1,5,2,4,55-64,9999,No,,1,1,1,,,,,3,,,,2264,70.01,69300,125,798,977,45
2018,549300WTZMQSET2VY242,36420,OK,40109,40109108404,C,Conventional:First Lien,Single Family (1-4 Units):Site-Built,Not Hispanic or Latino,White,Female,3,0,2,1,32,1,2,2,2,65000.0,50.0,,,3,,,,,,360,,,2,2,2,2,145000.0,1,1,3,5,1,,24,39,2,10,2,,,,,5,,,,,2,4,5,,,,,8,,,,,2,4,2,5,2,4,65-74,9999,Yes,,1,1,1,,,,,4,,,,2951,33.79,69300,93,1041,1273,50
2018,549300WTZMQSET2VY242,36420,OK,40109,40109108511,C,Conventional:First Lien,Single Family (1-4 Units):Site-Built,Not Hispanic or Latino,White,Joint,3,0,2,1,31,1,2,2,2,425000.0,64.938,,,3,,,,,,360,,,2,2,2,2,655000.0,1,1,3,5,1,,228,41,1,9,2,,,,,2,,,,,2,2,5,,,,,5,,,,,2,2,1,2,2,2,55-64,55-64,No,No,1,1,1,,,,,7,,,,7816,21.87,69300,165,2031,2575,11
2018,549300WTZMQSET2VY242,36420,OK,40109,40109109201,C,Conventional:First Lien,Single Family (1-4 Units):Site-Built,Not Hispanic or Latino,Joint,Joint,3,0,2,1,1,1,2,2,2,325000.0,95.0,,,3,,,,,,240,,,2,2,2,2,345000.0,1,1,3,5,1,,199,30%-<36%,9,3,2,,,,,2,,,,,2,2,5,,,,,1,5.0,,,,2,2,1,2,2,2,45-54,45-54,No,No,1,1,1,,,,,5,,,,5517,17.31,69300,194,1808,2167,14
2018,549300WTZMQSET2VY242,36420,OK,40109,40109108506,C,Conventional:First Lien,Single Family (1-4 Units):Site-Built,Not Hispanic or Latino,White,Joint,3,0,2,1,1,1,2,2,2,115000.0,34.776,,,3,,,,,,360,,,2,2,2,2,335000.0,1,1,3,5,1,,43,30%-<36%,3,9,2,,,,,2,,,,,2,2,5,,,,,5,,,,,2,2,1,2,2,2,65-74,65-74,Yes,Yes,1,1,1,,,,,4,,,,3653,21.87,69300,157,1110,1299,38
2018,549300WTZMQSET2VY242,36420,OK,40109,40109107801,C,FHA:First Lien,Single Family (1-4 Units):Site-Built,Not Hispanic or Latino,Black or African American,Female,3,0,2,2,1,1,2,2,2,95000.0,102.475,,,3,,,,,,360,,,2,2,2,2,95000.0,1,1,3,5,1,,48,44,2,10,2,,,,,5,,,,,2,4,3,,,,,8,,,,,2,4,2,5,2,4,25-34,9999,No,,1,1,3,,,,,1,,,,3986,63.4,69300,81,721,1384,47
2018,549300WTZMQSET2VY242,36420,OK,40109,40109100300,C,Conventional:First Lien,Single Family (1-4 Units):Site-Built,Not Hispanic or Latino,White,Male,3,0,2,1,32,1,2,2,2,285000.0,80.0,,,3,,,,,,360,,,2,2,2,2,385000.0,1,1,3,5,1,,97,>60%,3,10,2,,,,,5,,,,,2,4,5,,,,,8,,,,,2,4,1,5,2,4,55-64,9999,Yes,,1,1,1,,,,,6,,,,2717,20.35,69300,161,848,1380,76
2018,549300WTZMQSET2VY242,36420,OK,40109,40109108801,C,FHA:First Lien,Single Family (1-4 Units):Site-Built,Not Hispanic or Latino,White,Joint,3,0,2,2,32,1,2,2,2,115000.0,68.681,,,3,,,,,,360,,,2,2,2,2,185000.0,1,1,3,5,1,,72,20%-<30%,3,9,2,,,,,2,,,,,2,2,5,,,,,5,,,,,2,2,1,2,2,2,55-64,55-64,No,No,1,1,3,,,,,6,,,,6697,24.92,69300,105,2006,2838,39
2018,549300WTZMQSET2VY242,36420,OK,40109,40109108708,C,Conventional:First Lien,Single Family (1-4 Units):Site-Built,Not Hispanic or Latino,White,Male,3,0,2,1,1,1,2,2,2,35000.0,49.964,,,3,,,,,,120,,,2,2,2,2,135000.0,1,1,3,5,1,,57,20%-<30%,3,10,2,,,,,5,,,,,2,4,5,,,,,8,,,,,2,4,1,5,2,4,45-54,9999,No,,1,1,1,,,,,5,,,,3062,10.74,69300,108,972,1261,29
2018,549300WTZMQSET2VY242,36420,OK,40109,40109108802,C,FHA:First Lien,Single Family (1-4 Units):Site-Built,Not Hispanic or Latino,White,Joint,3,0,2,2,1,1,2,2,2,95000.0,96.499,,,3,,,,,,360,,,2,2,2,2,95000.0,1,1,3,5,1,,89,20%-<30%,9,2,2,,,,,2,,,,,2,2,5,,,,,5,,,,,2,2,2,1,2,2,45-54,45-54,No,No,1,1,3,,,,,7,,,,5144,16.84,69300,109,1340,1904,34
2018,549300WTZMQSET2VY242,36420,OK,40109,40109100100,C,Conventional:First Lien,Single Family (1-4 Units):Site-Built,Not Hispanic or Latino,Joint,Joint,3,0,2,1,1,1,2,2,1,255000.0,122.105,,,3,,,,,,360,,,2,2,2,2,195000.0,1,3,3,5,1,,310,36,9,3,2,,,,,2,,,,,2,2,5,,,,,4,41.0,,,,2,2,1,2,2,2,35-44,35-44,No,No,1,1,1,,,,,5,4.0,,,3251,40.7,69300,80,765,1612,71
2018,549300WTZMQSET2VY242,36420,OK,40109,40109108114,C,VA:First Lien,Single Family (1-4 Units):Site-Built,Not Hispanic or Latino,White,Female,3,0,2,3,1,1,2,2,2,225000.0,100.0,,,3,,,,,,360,,,2,2,2,2,225000.0,1,1,3,5,1,,58,41,1,10,2,,,,,5,,,,,2,4,5,,,,,8,,,,,2,4,2,5,2,4,25-34,9999,No,,1,1,1,,,,,2,,,,4912,26.59,69300,167,1004,1285,17
2018,549300WTZMQSET2VY242,36420,OK,40109,40109108221,C,Conventional:First Lien,Single Family (1-4 Units):Site-Built,Not Hispanic or Latino,White,Joint,3,0,2,1,1,1,2,2,2,375000.0,68.337,,,3,,,,,,180,,,2,2,2,2,545000.0,1,1,3,5,1,,316,20%-<30%,3,9,2,,,,,2,,,,,2,2,5,,,,,5,,,,,2,2,1,2,2,2,55-64,55-64,No,No,1,1,1,,,,,7,,,,7973,19.6,69300,165,2249,2570,10
2018,549300WTZMQSET2VY242,36420,OK,40109,40109108519,C,Conventional:First Lien,Single Family (1-4 Units):Site-Built,Ethnicity Not Available,Race Not Available,Male,3,0,2,1,1,1,2,2,2,215000.0,78.5,,,3,,,,,,360,,,2,2,2,2,265000.0,1,1,3,5,1,,85,49,2,10,3,,,,,5,,,,,2,4,6,,,,,8,,,,,2,4,1,5,2,4,45-54,9999,No,,1,1,1,,,,,1,,,,3067,26.7,69300,142,1014,1250,33
2018,549300WTZMQSET2VY242,36420,OK,40109,40109108221,C,Conventional:First Lien,Single Family (1-4 Units):Site-Built,Ethnicity Not Available,White,Male,3,0,2,1,1,1,2,2,2,455000.0,80.0,,,3,,,,,,360,,,2,2,2,2,615000.0,1,1,3,5,1,,166,37,2,10,3,,,,,5,,,,,2,4,5,,,,,8,,,,,2,4,1,5,2,4,35-44,9999,No,,1,1,1,,,,,7,,,,7973,19.6,69300,165,2249,2570,10
2018,549300WTZMQSET2VY242,36420,OK,40109,40109108217,C,FHA:First Lien,Single Family (1-4 Units):Site-Built,Not Hispanic or Latino,White,Male,3,0,2,2,1,1,2,2,2,145000.0,91.422,,,3,,,,,,360,,,2,2,2,2,135000.0,1,1,3,5,1,,31,>60%,1,10,2,,,,,5,,,,,2,4,5,,,,,8,,,,,2,4,1,5,2,4,55-64,9999,No,,1,1,3,,,,,1,,,,4512,24.89,69300,120,1068,1697,27
2018,549300WTZMQSET2VY242,36420,OK,40109,40109106602,C,Conventional:First Lien,Single Family (1-4 Units):Site-Built,Hispanic or Latino,White,Female,3,0,2,1,1,1,2,2,2,75000.0,95.0,,,3,,,,,,360,,,2,2,2,2,75000.0,1,1,3,5,1,,18,47,9,10,1,11.0,,,,5,,,,,2,4,5,,,,,8,,,,,2,4,2,5,2,4,35-44,9999,No,,1,1,1,,,,,1,,,,2560,29.38,69300,61,490,676,44
2018,549300WTZMQSET2VY242,36420,OK,40109,40109105906,C,Conventional:First Lien,Single Family (1-4 Units):Site-Built,Not Hispanic or Latino,White,Joint,3,0,2,1,1,1,2,2,2,105000.0,97.0,,,3,,,,,,360,,,2,2,2,2,105000.0,1,1,3,5,1,,73,20%-<30%,3,9,2,,,,,2,,,,,2,2,5,,,,,5,,,,,2,2,1,2,2,2,25-34,25-34,No,No,1,1,6,,,,,3,,,,2882,42.82,69300,96,715,1264,0
2018,549300WTZMQSET2VY242,36420,OK,40109,40109108107,C,Conventional:First Lien,Single Family (1-4 Units):Site-Built,Not Hispanic or Latino,White,Joint,3,0,2,1,1,1,2,2,2,225000.0,80.0,,,3,,,,,,360,,,2,2,2,2,275000.0,1,1,3,5,1,,171,50%-60%,9,1,2,,,,,2,,,,,2,2,5,,,,,5,,,,,2,2,2,1,2,2,45-54,45-54,No,No,1,1,1,,,,,2,1.0,,,2875,13.43,69300,196,1013,1070,30
2018,549300WTZMQSET2VY242,36420,OK,40109,40109106401,NC,Conventional:First Lien,Single Family (1-4 Units):Site-Built,Not Hispanic or Latino,White,Male,3,0,2,1,1,1,2,2,2,1005000.0,80.0,,,3,,,,,,360,,,2,2,2,2,1585000.0,1,1,3,5,1,,336,36,3,10,2,,,,,5,,,,,2,4,5,,,,,8,,,,,2,4,1,5,2,4,25-34,9999,No,,1,1,6,,,,,5,,,,2189,10.55,69300,327,783,988,63
2018,549300WTZMQSET2VY242,36420,OK,40109,40109106403,C,Conventional:First Lien,Single Family (1-4 Units):Site-Built,Not Hispanic or Latino,Asian,Male,3,0,2,1,1,1,2,2,1,135000.0,75.0,,,3,,,,,,180,,,2,2,2,2,185000.0,1,3,3,5,1,,249,38,3,10,2,,,,,5,,,,,2,4,2,26.0,,,,8,,,,,2,4,1,5,2,4,35-44,9999,No,,1,1,1,,,,,7,,,,4679,20.43,69300,129,1468,2345,59
2018,549300WTZMQSET2VY242,36420,OK,40109,40109108709,C,Conventional:First Lien,Single Family (1-4 Units):Site-Built,Not Hispanic or Latino,Joint,Joint,3,0,2,1,1,1,2,2,2,295000.0,95.0,,,3,,,,,,360,,,2,2,2,2,305000.0,1,1,3,5,1,,89,44,9,1,2,,,,,2,,,,,2,2,3,,,,,5,,,,,2,2,1,2,2,2,55-64,55-64,No,No,1,1,1,,,,,7,,,,3406,14.89,69300,135,1135,1336,25
2018,549300WTZMQSET2VY242,36420,OK,40109,40109106403,C,Conventional:First Lien,Single Family (1-4 Units):Site-Built,Not Hispanic or Latino,Native Hawaiian or Other Pacific Islander,Female,3,0,2,1,1,1,2,2,2,105000.0,93.562,,,3,,,,,,180,,,2,2,2,2,115000.0,1,1,3,5,1,,57,20%-<30%,2,10,2,,,,,5,,,,,2,4,4,,,,,8,,,,,2,4,2,5,2,4,25-34,9999,No,,1,1,1,,,,,7,,,,4679,20.43,69300,129,1468,2345,59
2018,549300WTZMQSET2VY242,36420,OK,40109,40109108504,C,Conventional:First Lien,Single Family (1-4 Units):Site-Built,Not Hispanic or Latino,White,Female,3,0,2,1,1,1,2,2,2,205000.0,69.376,,,3,,,,,,240,,,2,2,2,2,325000.0,1,1,3,5,1,,117,20%-<30%,3,10,2,,,,,5,,,,,2,4,5,,,,,8,,,,,2,4,2,5,2,4,55-64,9999,Yes,,1,1,1,,,,,5,,,,7276,22.86,69300,112,1888,2374,26
2018,549300WTZMQSET2VY242,36420,OK,40109,40109107401,C,FHA:First Lien,Single Family (1-4 Units):Site-Built,Not Hispanic or Latino,Black or African American,Female,3,0,2,2,32,1,2,2,2,65000.0,95.0,,,3,,,,,,360,,,2,2,2,2,65000.0,1,1,3,5,1,,40,50%-60%,3,10,2,,,,,5,,,,,2,4,3,,,,,8,,,,,2,4,2,5,2,4,55-64,9999,No,,1,1,3,,,,,4,,,,5954,64.63,69300,64,881,2212,40
2018,549300WTZMQSET2VY242,36420,OK,40109,40109106601,C,Conventional:First Lien,Single Family (1-4 Units):Site-Built,Not Hispanic or Latino,White,Male,3,0,2,1,1,1,2,2,2,95000.0,75.0,,,3,,,,,,360,,,2,2,2,2,125000.0,1,1,3,5,1,,205,<20%,9,9,2,,,,,2,,,,,2,2,5,,,,,5,,,,,2,2,1,1,2,2,25-34,55-64,No,No,1,1,1,,,,,3,,,,2787,28.53,69300,72,822,1379,57
2018,549300WTZMQSET2VY242,36420,OK,40109,40109108511,C,Conventional:First Lien,Single Family (1-4 Units):Site-Built,Not Hispanic or Latino,White,Female,3,0,2,1,1,1,2,2,2,95000.0,51.012,,,3,,,,,,240,,,2,2,2,2,195000.0,1,1,3,5,1,,47,20%-<30%,3,10,2,,,,,5,,,,,2,4,5,,,,,8,,,,,2,4,2,5,2,4,55-64,9999,No,,1,1,1,,,,,7,,,,7816,21.87,69300,165,2031,2575,11
2018,549300WTZMQSET2VY242,36420,OK,40109,40109108221,C,FHA:First Lien,Single Family (1-4 Units):Site-Built,Not Hispanic or Latino,Joint,Joint,3,0,2,2,1,1,2,2,2,175000.0,97.75,,,3,,,,,,360,,,2,2,2,2,175000.0,1,1,3,5,1,,59,37,2,9,2,,,,,2,,,,,2,2,1,,,,,5,,,,,2,2,1,2,2,2,25-34,25-34,No,No,1,1,6,,,,,7,,,,7973,19.6,69300,165,2249,2570,10
2018,549300WTZMQSET2VY242,36420,OK,40109,40109108707,C,VA:First Lien,Single Family (1-4 Units):Site-Built,Not Hispanic or Latino,White,Joint,3,0,2,3,1,1,2,2,2,265000.0,100.0,,,3,,,,,,360,,,2,2,2,2,255000.0,1,1,3,5,1,,94,46,2,9,2,,,,,2,,,,,2,2,5,,,,,5,,,,,2,2,1,2,2,2,25-34,25-34,No,No,1,1,1,,,,,7,,,,3635,27.68,69300,120,1252,1423,26
2018,549300WTZMQSET2VY242,36420,OK,40109,40109108707,C,VA:First Lien,Single Family (1-4 Units):Site-Built,Not Hispanic or Latino,White,Joint,3,0,2,3,1,1,2,2,2,215000.0,100.0,,,3,,,,,,360,,,2,2,2,2,215000.0,1,1,3,5,1,,49,49,9,3,2,,,,,2,,,,,2,2,5,,,,,5,,,,,2,2,1,2,2,2,25-34,25-34,No,No,1,1,6,,,,,7,,,,3635,27.68,69300,120,1252,1423,26
2018,549300WTZMQSET2VY242,36420,OK,40109,40109108504,C,Conventional:First Lien,Single Family (1-4 Units):Site-Built,Ethnicity Not Available,White,Male,3,0,2,1,1,1,2,2,2,165000.0,100.878,,,3,,,,,,360,,,2,2,2,2,165000.0,1,1,3,5,1,,72,46,1,10,3,,,,,5,,,,,2,4,5,,,,,8,,,,,2,4,1,5,2,4,25-34,9999,No,,1,1,1,,,,,4,,,,7276,22.86,69300,112,1888,2374,26
2018,549300WTZMQSET2VY242,36420,OK,40109,40109108221,C,Conventional:First Lien,Single Family (1-4 Units):Site-Built,Not Hispanic or Latino,Asian,Joint,3,0,2,1,1,1,2,2,2,115000.0,80.0,,,3,,,,,,360,,,2,2,2,2,145000.0,1,1,3,5,1,,29,>60%,9,9,2,,,,,2,,,,,2,2,2,21.0,,,,2,21.0,,,,2,2,2,1,2,2,45-54,45-54,No,No,1,1,1,,,,,1,,,,7973,19.6,69300,165,2249,2570,10
2018,549300WTZMQSET2VY242,36420,OK,40109,40109106610,C,VA:First Lien,Single Family (1-4 Units):Site-Built,Not Hispanic or Latino,White,Joint,3,0,2,3,1,1,2,2,2,195000.0,100.0,,,3,,,,,,360,,,2,2,2,2,185000.0,1,1,3,5,1,,89,20%-<30%,9,3,2,,,,,2,,,,,2,2,5,,,,,5,,,,,2,2,1,2,2,2,25-34,25-34,No,No,1,1,1,,,,,7,,,,1557,33.08,69300,87,349,491,50
2018,549300WTZMQSET2VY242,36420,OK,40109,40109108314,C,VA:First Lien,Single Family (1-4 Units):Site-Built,Not Hispanic or Latino,Black or African American,Male,3,0,2,3,32,1,2,2,2,195000.0,85.0,,,3,,,,,,360,,,2,2,2,2,225000.0,1,1,3,5,1,,86,>60%,2,10,2,,,,,5,,,,,2,4,3,,,,,8,,,,,2,4,1,5,2,4,65-74,9999,Yes,,1,1,1,,,,,3,,,,2673,63.49,69300,56,144,503,29
2018,549300WTZMQSET2VY242,36420,OK,40109,40109108523,C,FHA:First Lien,Single Family (1-4 Units):Site-Built,Not Hispanic or Latino,White,Female,3,0,2,2,1,1,2,2,2,145000.0,93.75,,,3,,,,,,360,,,2,2,2,2,165000.0,1,1,3,5,1,,61,43,1,10,2,,,,,5,,,,,2,4,5,,,,,8,,,,,2,4,2,5,2,4,25-34,9999,No,,1,1,3,,,,,1,,,,5456,26.06,69300,127,1389,1778,29
2018,549300WTZMQSET2VY242,36420,OK,40109,40109108511,C,FHA:First Lien,Single Family (1-4 Units):Site-Built,Not Hispanic or Latino,White,Female,3,0,2,2,1,1,2,2,2,155000.0,84.303,,,3,,,,,,360,,,2,2,2,2,195000.0,1,1,3,5,1,,47,50%-60%,1,10,2,,,,,5,,,,,1,4,5,,,,,8,,,,,1,4,2,5,1,4,55-64,9999,No,,1,1,3,,,,,1,,,,7816,21.87,69300,165,2031,2575,11
2018,549300WTZMQSET2VY242,36420,OK,40109,40109108802,C,Conventional:First Lien,Single Family (1-4 Units):Site-Built,Ethnicity Not Available,White,Joint,3,0,2,1,1,1,2,2,2,305000.0,80.0,,,3,,,,,,360,,,2,2,2,2,375000.0,1,1,3,5,1,,234,30%-<36%,9,2,3,,,,,3,,,,,2,2,5,,,,,5,,,,,2,2,1,2,2,2,55-64,55-64,No,Yes,1,1,1,,,,,6,,,,5144,16.84,69300,109,1340,1904,34
2018,549300WTZMQSET2VY242,36420,OK,40109,40109108309,C,FHA:First Lien,Single Family (1-4 Units):Site-Built,Not Hispanic or Latino,Black or African American,Female,3,0,2,2,1,1,2,2,2,95000.0,96.5,,,3,,,,,,360,,,2,2,2,2,115000.0,1,1,3,5,1,,33,50%-60%,3,10,2,,,,,5,,,,,2,4,3,,,,,8,,,,,2,4,2,5,2,4,25-34,9999,No,,1,1,3,,,,,4,,,,2495,87.01,69300,40,435,872,47
2018,549300WTZMQSET2VY242,36420,OK,40109,40109108309,C,FHA:First Lien,Single Family (1-4 Units):Site-Built,Not Hispanic or Latino,Black or African American,Male,3,0,2,2,1,1,2,2,2,105000.0,96.497,,,3,,,,,,360,,,2,2,2,2,95000.0,1,1,3,5,1,,34,50%-60%,1,10,2,,,,,5,,,,,2,4,3,,,,,8,,,,,2,4,1,5,2,4,25-34,9999,No,,1,1,3,,,,,1,2.0,5.0,,2495,87.01,69300,40,435,872,47
2018,549300WTZMQSET2VY242,36420,OK,40109,40109107707,C,FHA:First Lien,Single Family (1-4 Units):Site-Built,Not Hispanic or Latino,White,Female,3,0,2,2,1,1,2,2,2,115000.0,96.5,,,3,,,,,,360,,,2,2,2,2,115000.0,1,1,3,5,1,,48,20%-<30%,1,10,2,,,,,5,,,,,2,4,5,,,,,8,,,,,2,4,2,5,2,4,55-64,9999,No,,1,1,3,,,,,7,,,,1409,22.36,69300,82,320,599,60
2018,549300WTZMQSET2VY242,36420,OK,40109,40109108703,C,Conventional:First Lien,Single Family (1-4 Units):Site-Built,Not Hispanic or Latino,White,Joint,3,0,2,1,31,1,2,2,2,265000.0,79.896,,,3,,,,,,360,,,2,2,2,2,325000.0,1,1,3,5,1,,197,30%-<36%,3,9,2,,,,,2,,,,,2,2,5,,,,,5,,,,,2,2,1,2,2,2,45-54,45-54,No,No,1,1,1,,,,,7,,,,6112,18.75,69300,142,1958,2209,21
2018,549300WTZMQSET2VY242,36420,OK,40109,40109104300,C,FHA:First Lien,Single Family (1-4 Units):Site-Built,Hispanic or Latino,White,Male,3,0,2,2,1,1,2,2,2,55000.0,96.5,,,3,,,,,,360,,,2,2,2,2,65000.0,1,1,3,5,1,,41,20%-<30%,3,10,1,,,,,5,,,,,1,4,5,,,,,8,,,,,1,4,1,5,1,4,25-34,9999,No,,1,1,3,,,,,7,,,,3654,84.29,69300,39,517,1125,71
2018,549300WTZMQSET2VY242,36420,OK,40109,40109108302,C,Conventional:First Lien,Single Family (1-4 Units):Site-Built,Not Hispanic or Latino,White,Female,3,0,2,1,1,1,2,2,2,175000.0,85.0,,,3,,,,,,360,,,2,2,2,2,205000.0,1,1,3,5,1,,70,30%-<36%,3,10,2,,,,,5,,,,,2,4,5,,,,,8,,,,,2,4,2,5,2,4,25-34,9999,No,,1,1,1,,,,,7,,,,4610,33.38,69300,103,1032,1460,25
2018,549300WTZMQSET2VY242,36420,OK,40109,40109104300,C,Conventional:First Lien,Single Family (1-4 Units):Site-Built,Not Hispanic or Latino,White,Female,3,0,2,1,32,1,2,2,2,55000.0,28.571,,,3,,,,,,360,,,2,2,2,2,75000.0,1,1,3,5,1,,31,30%-<36%,2,10,2,,,,,5,,,,,2,4,5,,,,,8,,,,,2,4,2,5,2,4,55-64,9999,Yes,,1,1,1,,,,,3,,,,3654,84.29,69300,39,517,1125,71
2018,549300WTZMQSET2VY242,36420,OK,40109,40109106301,C,Conventional:First Lien,Single Family (1-4 Units):Site-Built,Not Hispanic or Latino,Black or African American,Female,3,0,2,1,1,1,2,2,2,75000.0,90.0,,,3,,,,,,360,,,2,2,2,2,85000.0,1,1,3,5,1,,18,46,2,10,2,,,,,5,,,,,2,4,3,5.0,,,,8,,,,,2,4,2,5,2,4,35-44,9999,No,,1,1,1,,,,,6,,,,3861,79.72,69300,46,406,1348,50
2018,549300WTZMQSET2VY242,36420,OK,40109,40109106803,C,Conventional:First Lien,Single Family (1-4 Units):Site-Built,Hispanic or Latino,White,Male,3,0,2,1,1,1,2,2,2,85000.0,80.0,,,3,,,,,,360,,,2,2,2,2,105000.0,1,1,3,5,1,,149,<20%,1,9,1,11.0,,,,1,11.0,,,,2,2,5,,,,,5,,,,,2,2,1,1,2,2,25-34,45-54,No,No,1,1,1,,,,,4,,,,3173,52.95,69300,66,399,922,51
2018,549300WTZMQSET2VY242,36420,OK,40109,40109108206,C,VA:First Lien,Single Family (1-4 Units):Site-Built,Not Hispanic or Latino,White,Joint,3,0,2,3,1,1,2,2,2,345000.0,100.0,,,3,,,,,,360,,,2,2,2,2,335000.0,1,1,3,5,1,,142,44,1,9,2,,,,,2,,,,,2,2,5,,,,,5,,,,,2,2,2,1,2,2,35-44,35-44,No,No,1,1,1,,,,,4,,,,4706,18.13,69300,220,1518,1622,26
2018,549300WTZMQSET2VY242,36420,OK,40109,40109106702,C,Conventional:First Lien,Single Family (1-4 Units):Site-Built,Hispanic or Latino,White,Joint,3,0,2,1,1,1,2,2,2,135000.0,97.0,,,3,,,,,,360,,,2,2,2,2,145000.0,1,1,3,5,1,,45,37,9,3,1,,,,,1,,,,,1,1,5,,,,,5,,,,,1,1,2,1,1,1,25-34,25-34,No,No,1,1,1,,,,,7,,,,3771,32.64,69300,70,1014,1450,57
2018,549300WTZMQSET2VY242,36420,OK,40109,40109107223,C,Conventional:First Lien,Single Family (1-4 Units):Site-Built,Hispanic or Latino,White,Joint,3,0,2,1,1,1,2,2,2,85000.0,94.444,,,3,,,,,,180,,,2,2,2,2,95000.0,1,1,3,5,1,,55,20%-<30%,1,9,1,,,,,1,11.0,,,,2,2,5,,,,,5,,,,,2,2,2,1,2,2,55-64,35-44,No,No,1,1,6,,,,,3,,,,2707,58.88,69300,69,464,949,56
2018,549300WTZMQSET2VY242,36420,OK,40109,40109102300,C,FHA:First Lien,Single Family (1-4 Units):Site-Built,Hispanic or Latino,White,Female,3,0,2,2,1,1,2,2,2,145000.0,96.5,,,3,,,,,,360,,,2,2,2,2,165000.0,1,1,3,5,1,,57,38,3,10,1,,,,,5,,,,,2,4,5,,,,,8,,,,,2,4,2,5,2,4,<25,9999,No,,1,1,1,,,,,4,,,,3430,54.64,69300,54,637,1550,76
2018,549300WTZMQSET2VY242,36420,OK,40109,40109108203,C,FHA:First Lien,Single Family (1-4 Units):Site-Built,Hispanic or Latino,White,Male,3,0,2,2,31,1,2,2,2,55000.0,51.818,,,3,,,,,,360,,,2,2,2,2,115000.0,1,1,3,5,1,,48,38,2,10,1,,,,,5,,,,,1,4,5,,,,,8,,,,,1,4,1,5,1,4,45-54,9999,No,,1,1,1,,,,,3,,,,3373,26.45,69300,74,707,1243,38
2018,549300WTZMQSET2VY242,36420,OK,40109,40109108506,C,Conventional:First Lien,Single Family (1-4 Units):Site-Built,Not Hispanic or Latino,White,Male,3,0,2,1,31,1,2,2,2,415000.0,95.0,,,3,,,,,,360,,,2,2,2,2,455000.0,1,1,3,5,1,,180,38,1,10,2,,,,,5,,,,,2,4,5,,,,,8,,,,,2,4,1,5,2,4,35-44,9999,No,,1,1,6,,,,,9,,,,3653,21.87,69300,157,1110,1299,38
2018,549300WTZMQSET2VY242,36420,OK,40109,40109102100,C,FHA:First Lien,Single Family (1-4 Units):Site-Built,Hispanic or Latino,White,Male,3,0,2,2,1,1,2,2,2,95000.0,96.5,,,3,,,,,,360,,,2,2,2,2,95000.0,1,1,3,5,1,,24,39,3,10,1,14.0,,,,5,,,,,2,4,5,,,,,8,,,,,2,4,1,5,2,4,55-64,9999,No,,1,1,6,,,,,1,,,,2246,47.24,69300,102,624,1003,76
2018,549300WTZMQSET2VY242,36420,OK,40109,40109108511,C,Conventional:First Lien,Single Family (1-4 Units):Site-Built,Hispanic or Latino,White,Female,3,0,2,1,1,1,2,2,2,195000.0,89.549,,,3,,,,,,360,,,2,2,2,2,195000.0,1,1,3,5,1,,65,20%-<30%,2,10,1,,,,,5,,,,,2,4,5,,,,,8,,,,,2,4,2,5,2,4,35-44,9999,No,,1,1,1,,,,,6,,,,7816,21.87,69300,165,2031,2575,11
2018,549300WTZMQSET2VY242,36420,OK,40109,40109106402,NC,Conventional:First Lien,Single Family (1-4 Units):Site-Built,Not Hispanic or Latino,White,Joint,3,0,2,1,1,1,2,2,2,855000.0,58.621,,,3,,,,,,360,,,2,2,2,2,1455000.0,1,1,3,5,1,,1287,20%-<30%,3,9,2,,,,,2,,,,,2,2,5,,,,,5,,,,,2,2,1,2,2,2,55-64,35-44,No,No,1,1,6,,,,,1,,,,2287,9.23,69300,184,909,1112,57
2018,549300WTZMQSET2VY242,36420,OK,40109,40109106303,C,Conventional:First Lien,Single Family (1-4 Units):Site-Built,Not Hispanic or Latino,Joint,Joint,3,0,2,1,32,1,2,2,2,325000.0,80.0,,,3,,,,,,360,,,2,2,2,2,315000.0,1,1,3,5,1,,76,41,3,9,2,,,,,2,,,,,2,2,1,,,,,5,,,,,2,2,1,2,2,2,45-54,45-54,No,No,1,1,1,,,,,4,,,,3560,51.71,69300,65,809,1415,61
2018,549300WTZMQSET2VY242,36420,OK,40109,40109106403,C,FHA:First Lien,Single Family (1-4 Units):Site-Built,Not Hispanic or Latino,White,Joint,3,0,2,2,1,1,2,2,2,125000.0,96.5,,,3,,,,,,360,,,2,2,2,2,125000.0,1,1,3,5,1,,38,50%-60%,9,1,2,,,,,2,,,,,2,2,5,,,,,5,,,,,2,2,2,1,2,2,25-34,25-34,No,No,1,1,3,,,,,4,,,,4679,20.43,69300,129,1468,2345,59
2018,549300WTZMQSET2VY242,36420,OK,40109,40109108107,C,Conventional:First Lien,Single Family (1-4 Units):Site-Built,Not Hispanic or Latino,Joint,Joint,3,0,2,1,1,1,2,2,2,325000.0,99.385,,,3,,,,,,360,,,2,2,2,2,325000.0,1,1,3,5,1,,188,37,9,2,2,,,,,2,,,,,2,2,5,,,,,2,25.0,,,,2,2,2,1,2,2,25-34,25-34,No,No,1,1,1,,,,,4,,,,2875,13.43,69300,196,1013,1070,30
2018,549300WTZMQSET2VY242,36420,OK,40109,40109107606,C,Conventional:First Lien,Single Family (1-4 Units):Site-Built,Not Hispanic or Latino,Black or African American,Female,3,0,2,1,1,1,2,2,2,65000.0,80.0,,,3,,,,,,360,,,2,2,2,2,75000.0,1,1,3,5,1,,52,30%-<36%,3,10,2,,,,,5,,,,,2,4,3,,,,,8,,,,,2,4,2,5,2,4,25-34,9999,No,,1,1,1,,,,,4,,,,218,26.61,69300,63,65,121,38
2018,549300WTZMQSET2VY242,36420,OK,40109,40109108603,C,Conventional:First Lien,Single Family (1-4 Units):Site-Built,Hispanic or Latino,White,Male,3,0,2,1,1,1,2,2,2,155000.0,97.0,,,3,,,,,,360,,,2,2,2,2,165000.0,1,1,3,5,1,,52,41,2,10,1,11.0,,,,5,,,,,2,4,5,,,,,8,,,,,2,4,1,5,2,4,25-34,9999,No,,1,1,1,,,,,1,2.0,,,3142,29.89,69300,121,805,1111,13
2018,549300WTZMQSET2VY242,36420,OK,40109,40109102200,C,Conventional:First Lien,Single Family (1-4 Units):Site-Built,Hispanic or Latino,White,Female,3,0,2,1,1,1,2,2,2,105000.0,96.5,,,3,,,,,,360,,,2,2,2,2,115000.0,1,1,3,5,1,,36,47,1,10,1,14.0,,,,5,,,,,2,4,5,,,,,8,,,,,2,4,2,5,2,4,25-34,9999,No,,1,1,1,,,,,6,,,,2539,55.1,69300,67,603,1154,74
2018,549300WTZMQSET2VY242,36420,OK,40109,40109108220,C,Conventional:First Lien,Single Family (1-4 Units):Site-Built,Not Hispanic or Latino,White,Male,3,0,2,1,1,1,2,2,2,225000.0,80.0,,,3,,,,,,360,,,2,2,2,2,275000.0,1,1,3,5,1,,96,36,1,10,2,,,,,5,,,,,2,4,5,,,,,8,,,,,2,4,1,5,2,4,45-54,9999,No,,1,1,1,,,,,7,,,,5514,20.78,69300,120,1364,1800,18
2018,549300WTZMQSET2VY242,36420,OK,40109,40109108107,C,Conventional:First Lien,Single Family (1-4 Units):Site-Built,Not Hispanic or Latino,White,Male,3,0,2,1,1,1,2,2,2,295000.0,80.0,,,3,,,,,,180,,,2,2,2,2,365000.0,1,1,3,5,1,,264,20%-<30%,3,10,2,,,,,5,,,,,2,4,5,,,,,8,,,,,2,4,1,5,2,4,55-64,9999,Yes,,1,1,1,,,,,7,,,,2875,13.43,69300,196,1013,1070,30
2018,549300WTZMQSET2VY242,36420,OK,40109,40109108506,C,Conventional:First Lien,Single Family (1-4 Units):Site-Built,Not Hispanic or Latino,White,Joint,3,0,2,1,1,1,2,2,2,255000.0,80.0,,,3,,,,,,360,,,2,2,2,2,305000.0,1,1,3,5,1,,183,<20%,3,9,2,,,,,2,,,,,2,2,5,,,,,5,,,,,2,2,2,1,2,2,25-34,25-34,No,No,1,1,1,,,,,5,,,,3653,21.87,69300,157,1110,1299,38
2018,549300WTZMQSET2VY242,36420,OK,40109,40109106608,C,FHA:First Lien,Single Family (1-4 Units):Site-Built,Not Hispanic or Latino,White,Male,3,0,2,2,1,1,2,2,2,95000.0,96.5,,,3,,,,,,360,,,2,2,2,2,115000.0,1,1,3,5,1,,31,30%-<36%,1,10,2,,,,,5,,,,,2,4,5,,,,,8,,,,,2,4,1,5,2,4,<25,9999,No,,1,1,1,,,,,4,,,,3026,26.11,69300,135,790,1235,47
2018,549300WTZMQSET2VY242,36420,OK,40109,40109108213,C,Conventional:First Lien,Single Family (1-4 Units):Site-Built,Not Hispanic or Latino,White,Male,3,0,2,1,1,1,2,2,2,325000.0,80.0,,,3,,,,,,360,,,2,2,2,2,415000.0,1,1,3,5,1,,390,<20%,2,9,2,,,,,3,,,,,2,2,5,,,,,6,,,,,2,2,1,3,2,2,35-44,45-54,No,No,1,1,6,,,,,1,6.0,,,9237,12.01,69300,205,2860,3062,14
2018,549300WTZMQSET2VY242,36420,OK,40109,40109108504,C,Conventional:First Lien,Single Family (1-4 Units):Site-Built,Not Hispanic or Latino,Asian,Male,3,0,2,1,1,1,2,2,1,65000.0,80.0,,,3,,,,,,360,,,2,2,2,2,85000.0,1,3,3,5,1,,32,20%-<30%,1,10,2,,,,,5,,,,,2,4,2,5.0,27.0,,,8,,,,,2,4,1,5,2,4,35-44,9999,No,,1,1,1,,,,,5,,,,7276,22.86,69300,112,1888,2374,26
2018,549300WTZMQSET2VY242,36420,OK,40109,40109108801,C,VA:First Lien,Single Family (1-4 Units):Site-Built,Not Hispanic or Latino,White,Joint,3,0,2,3,1,1,2,2,2,225000.0,100.0,,,3,,,,,,360,,,2,2,2,2,225000.0,1,1,3,5,1,,92,50%-60%,9,2,2,,,,,2,,,,,2,2,5,,,,,5,,,,,2,2,2,1,2,2,35-44,35-44,No,No,1,1,1,,,,,7,,,,6697,24.92,69300,105,2006,2838,39
2018,549300WTZMQSET2VY242,36420,OK,40109,40109105907,C,Conventional:First Lien,Single Family (1-4 Units):Site-Built,Not Hispanic or Latino,Asian,Male,3,0,2,1,1,1,2,2,1,55000.0,70.0,,,3,,,,,,360,,,2,2,2,2,75000.0,1,3,3,5,1,,29,20%-<30%,1,10,2,,,,,5,,,,,2,4,2,5.0,,,,8,,,,,2,4,1,5,2,4,35-44,9999,No,,1,1,1,,,,,5,,,,4652,60.75,69300,65,813,1526,60
2018,549300WTZMQSET2VY242,46140,OK,40111,40111000800,C,Conventional:First Lien,Single Family (1-4 Units):Site-Built,Not Hispanic or Latino,White,Male,3,0,2,1,31,1,2,2,2,265000.0,90.785,,,3,,,,,,360,,,2,2,2,2,295000.0,1,1,3,5,1,,126,30%-<36%,2,10,2,,,,,5,,,,,2,4,5,,,,,8,,,,,2,4,1,5,2,4,35-44,9999,No,,1,1,1,,,,,7,,,,3367,35.94,65800,77,952,1383,36
2018,549300WTZMQSET2VY242,46140,OK,40117,40117957100,C,FSA/RHS:First Lien,Single Family (1-4 Units):Site-Built,Not Hispanic or Latino,White,Joint,3,0,2,4,1,1,2,2,2,185000.0,101.01,,,3,,,,,,360,,,2,2,2,2,185000.0,1,1,3,5,1,,92,30%-<36%,9,2,2,,,,,2,,,,,2,2,5,,,,,5,,,,,2,2,1,2,2,2,35-44,35-44,No,No,1,1,1,,,,,7,,,,3875,19.9,65800,94,885,1596,45
2018,549300WTZMQSET2VY242,99999,OK,40119,40119011301,C,Conventional:First Lien,Single Family (1-4 Units):Site-Built,Not Hispanic or Latino,White,Male,3,0,2,1,1,1,2,2,1,45000.0,80.0,,,3,,,,,,360,,,2,2,2,2,55000.0,1,3,3,5,1,,88,20%-<30%,1,10,2,,,,,5,,,,,2,4,5,,,,,8,,,,,2,4,1,5,2,4,35-44,9999,No,,1,1,1,,,,,7,,,,3677,18.03,54500,102,994,1733,44
2018,549300WTZMQSET2VY242,99999,OK,40123,40123088600,C,Conventional:First Lien,Single Family (1-4 Units):Site-Built,Not Hispanic or Latino,White,Joint,3,0,2,1,31,1,2,2,2,55000.0,60.215,,,3,,,,,,360,,,2,2,2,2,95000.0,1,1,3,5,1,,90,30%-<36%,9,1,2,,,,,2,,,,,2,2,5,,,,,5,,,,,2,2,1,2,2,2,55-64,55-64,No,No,1,1,1,,,,,4,,,,5169,32.79,54500,108,1433,2053,32
2018,549300WTZMQSET2VY242,99999,OK,40125,40125501001,C,FHA:First Lien,Single Family (1-4 Units):Manufactured,Not Hispanic or Latino,White,Male,3,0,2,2,1,1,2,2,2,95000.0,96.5,,,3,,,,,,360,,,2,2,2,2,95000.0,2,1,1,1,1,,50,36,1,10,2,,,,,5,,,,,2,4,5,,,,,8,,,,,2,4,1,5,2,4,45-54,9999,No,,1,1,3,,,,,5,,,,8953,27.3,54500,106,1820,2565,31
2018,549300WTZMQSET2VY242,99999,OK,40125,40125500900,C,Conventional:First Lien,Single Family (1-4 Units):Site-Built,Not Hispanic or Latino,White,Joint,3,0,2,1,31,1,2,2,2,275000.0,93.238,,,3,,,,,,360,,,2,2,2,2,265000.0,1,1,3,5,1,,124,30%-<36%,2,9,2,,,,,2,,,,,2,2,5,,,,,5,,,,,2,2,1,2,2,2,45-54,35-44,No,No,1,1,1,,,,,3,,,,6864,23.14,54500,131,2146,2656,26
2018,549300WTZMQSET2VY242,46140,OK,40131,40131050105,C,Conventional:First Lien,Single Family (1-4 Units):Site-Built,Not Hispanic or Latino,Joint,Joint,3,0,2,1,1,1,2,2,2,145000.0,80.0,,,3,,,,,,360,,,2,2,2,2,145000.0,1,1,3,5,1,,98,<20%,3,9,2,,,,,2,,,,,2,2,5,,,,,1,,,,,2,2,2,1,2,2,25-34,25-34,No,No,1,1,1,,,,,4,,,,4904,26.92,65800,111,1235,1683,23
2018,549300WTZMQSET2VY242,46140,OK,40131,40131050602,C,FSA/RHS:First Lien,Single Family (1-4 Units):Site-Built,Not Hispanic or Latino,Joint,Joint,3,0,2,4,1,1,2,2,2,185000.0,99.918,,,3,,,,,,360,,,2,2,2,2,185000.0,1,1,3,5,1,,71,20%-<30%,3,9,2,,,,,2,,,,,2,2,5,,,,,2,,,,,2,2,2,1,2,2,25-34,25-34,No,No,1,1,4,,,,,4,,,,3348,27.39,65800,129,1005,1181,17
2018,549300WTZMQSET2VY242,46140,OK,40131,40131050403,C,Conventional:First Lien,Single Family (1-4 Units):Site-Built,Not Hispanic or Latino,White,Female,3,0,2,1,1,1,2,2,2,105000.0,42.339,,,3,,,,,,360,,,2,2,2,2,245000.0,1,1,3,5,1,,62,30%-<36%,2,10,2,,,,,5,,,,,2,4,5,,,,,8,,,,,2,4,2,5,2,4,45-54,9999,No,,1,1,1,,,,,1,2.0,,,5465,23.11,65800,140,1814,1967,17
2018,549300WTZMQSET2VY242,99999,OK,40137,40137001100,C,VA:First Lien,Single Family (1-4 Units):Site-Built,Not Hispanic or Latino,White,Male,3,0,2,3,1,1,2,2,2,75000.0,100.0,,,3,,,,,,360,,,2,2,2,2,75000.0,1,1,3,5,1,,38,40,3,10,2,,,,,5,,,,,2,4,5,,,,,8,,,,,2,4,1,5,2,4,25-34,9999,No,,1,1,1,,,,,4,,,,5708,14.77,54500,120,1781,2627,43
2018,549300WTZMQSET2VY242,46140,OK,40143,40143008700,C,Conventional:First Lien,Single Family (1-4 Units):Site-Built,Not Hispanic or Latino,White,Joint,3,0,2,1,31,1,2,2,2,105000.0,70.37,,,3,,,,,,180,,,2,2,2,2,145000.0,1,1,3,5,1,,76,36,9,1,2,,,,,2,,,,,2,2,5,,,,,5,,,,,2,2,1,2,2,2,55-64,55-64,Yes,Yes,1,1,1,,,,,7,,,,3147,22.78,65800,123,932,1332,44
2018,549300WTZMQSET2VY242,46140,OK,40143,40143008400,C,Conventional:First Lien,Single Family (1-4 Units):Site-Built,Not Hispanic or Latino,White,Female,3,0,2,1,1,1,2,2,2,65000.0,80.0,,,3,,,,,,360,,,2,2,2,2,85000.0,1,1,3,5,1,,270,<20%,9,1,2,,,,,2,,,,,2,2,5,,,,,5,,,,,2,2,2,2,2,2,<25,35-44,No,No,1,1,1,,,,,4,,,,3462,29.66,65800,81,1083,1486,57
2018,549300WTZMQSET2VY242,46140,OK,40143,40143002900,C,FHA:First Lien,Single Family (1-4 Units):Site-Built,Not Hispanic or Latino,Black or African American,Male,3,0,2,2,1,1,2,2,2,75000.0,96.5,,,3,,,,,,360,,,2,2,2,2,65000.0,1,1,3,5,1,,35,50%-60%,2,10,2,,,,,5,,,,,2,4,3,,,,,8,,,,,2,4,1,5,2,4,25-34,9999,No,,1,1,3,,,,,1,,,,2877,28.71,65800,75,604,1060,58
2018,549300WTZMQSET2VY242,46140,OK,40143,40143007306,C,FHA:First Lien,Single Family (1-4 Units):Site-Built,Ethnicity Not Available,Black or African American,Male,3,0,2,2,1,1,2,2,2,95000.0,96.5,,,3,,,,,,360,,,2,2,2,2,85000.0,1,1,3,5,1,,55,30%-<36%,3,10,3,,,,,5,,,,,2,4,3,,,,,8,,,,,2,4,1,5,2,4,25-34,9999,No,,1,1,3,,,,,4,,,,5539,71.44,65800,66,975,1667,42
2018,549300WTZMQSET2VY242,46140,OK,40143,40143005805,C,Conventional:First Lien,Single Family (1-4 Units):Site-Built,Not Hispanic or Latino,White,Female,3,0,2,1,32,1,2,2,1,45000.0,45.0,,,3,,,,,,360,,,2,2,2,2,105000.0,1,3,3,5,1,,32,38,1,10,2,,,,,5,,,,,2,4,5,,,,,8,,,,,2,4,2,5,2,4,>74,9999,Yes,,1,1,1,,,,,3,,,,7498,25.25,65800,110,1779,2414,29
2018,549300WTZMQSET2VY242,46140,OK,40143,40143001800,C,Conventional:First Lien,Single Family (1-4 Units):Site-Built,Not Hispanic or Latino,White,Male,3,0,2,1,1,1,2,2,2,95000.0,97.0,,,3,,,,,,360,,,2,2,2,2,95000.0,1,1,3,5,1,,32,42,1,10,2,,,,,5,,,,,2,4,5,,,,,8,,,,,2,4,1,5,2,4,35-44,9999,No,,1,1,1,,,,,7,,,,1889,32.19,65800,76,529,1009,70
2018,549300WTZMQSET2VY242,46140,OK,40143,40143007515,C,VA:First Lien,Single Family (1-4 Units):Site-Built,Not Hispanic or Latino,White,Female,3,0,2,3,1,1,2,2,2,135000.0,100.0,,,3,,,,,,360,,,2,2,2,2,125000.0,1,1,3,5,1,,20,>60%,3,10,2,,,,,5,,,,,2,4,5,,,,,8,,,,,2,4,2,5,2,4,25-34,9999,No,,1,1,1,,,,,5,1.0,,,4728,16.54,65800,138,1478,1742,32
2018,549300WTZMQSET2VY242,46140,OK,40143,40143007304,C,FHA:First Lien,Single Family (1-4 Units):Site-Built,Not Hispanic or Latino,White,Female,3,0,2,2,1,1,2,2,2,135000.0,96.5,,,3,,,,,,360,,,2,2,2,2,135000.0,1,1,3,5,1,,31,50%-60%,2,10,2,,,,,5,,,,,2,4,5,,,,,8,,,,,2,4,2,5,2,4,55-64,9999,Yes,,1,1,3,,,,,3,,,,3779,59.54,65800,73,891,1330,40
2018,549300WTZMQSET2VY242,46140,OK,40143,40143006708,C,FHA:First Lien,Single Family (1-4 Units):Site-Built,Not Hispanic or Latino,White,Male,3,0,2,2,1,1,2,2,2,205000.0,96.5,,,3,,,,,,360,,,2,2,2,2,215000.0,1,1,3,5,1,,88,30%-<36%,3,10,2,,,,,5,,,,,2,4,5,,,,,8,,,,,2,4,1,5,2,4,35-44,9999,No,,1,1,3,,,,,7,,,,6782,13.49,65800,178,1844,2137,12
2018,549300WTZMQSET2VY242,46140,OK,40143,40143009003,C,Conventional:First Lien,Single Family (1-4 Units):Site-Built,Not Hispanic or Latino,White,Joint,3,0,2,1,1,1,2,2,2,135000.0,89.865,,,3,,,,,,360,,,2,2,2,2,145000.0,1,1,3,5,1,,45,37,2,9,2,,,,,2,,,,,2,2,5,,,,,5,,,,,2,2,1,2,2,2,35-44,35-44,No,No,1,1,1,,,,,7,,,,7156,31.02,65800,115,1379,1664,14
2018,549300WTZMQSET2VY242,46140,OK,40143,40143008502,C,FHA:First Lien,Single Family (1-4 Units):Site-Built,Not Hispanic or Latino,White,Female,3,0,2,2,1,1,2,2,2,145000.0,96.355,,,3,,,,,,360,,,2,2,2,2,145000.0,1,1,3,5,1,,42,36,1,10,2,,,,,5,,,,,2,4,5,,,,,8,,,,,2,4,2,5,2,4,25-34,9999,No,,1,1,3,,,,,4,,,,4783,35.33,65800,97,1467,1946,49
2018,549300WTZMQSET2VY242,46140,OK,40143,40143003600,C,Conventional:First Lien,Single Family (1-4 Units):Site-Built,Not Hispanic or Latino,White,Female,3,0,2,1,1,1,2,2,2,155000.0,80.0,,,3,,,,,,180,,,2,2,2,2,195000.0,1,1,3,5,1,,71,20%-<30%,1,10,2,,,,,5,,,,,2,4,5,,,,,8,,,,,2,4,2,5,2,4,25-34,9999,No,,1,1,1,,,,,7,,,,2201,17.08,65800,153,909,1185,76
2018,549300WTZMQSET2VY242,46140,OK,40143,40143007306,C,FHA:First Lien,Single Family (1-4 Units):Site-Built,Not Hispanic or Latino,Black or African American,Male,3,0,2,2,1,1,2,2,2,85000.0,96.5,,,3,,,,,,360,,,2,2,2,2,85000,1,1,3,5,1,,56,30%-<36%,1,10,2,,,,,5,,,,,2,4,3,,,,,8,,,,,2,4,1,5,2,4,25-34,9999,No,,1,1,3,,,,,4,,,,5539,71.44,65800,66,975,1667,42
2018,549300WTZMQSET2VY242,46140,OK,40143,40143007409,C,Conventional:First Lien,Single Family (1-4 Units):Site-Built,Ethnicity Not Available,White,Sex Not Available,3,0,2,1,1,1,2,2,2,115000.0,95.0,,,3,,,,,,360,,,2,2,2,2,125000,1,1,3,5,1,,62,41,3,10,3,,,,,5,,,,,2,4,5,,,,,8,,,,,2,4,3,5,2,4,<25,9999,No,,1,1,1,,,,,7,,,,3915,42.17,65800,120,1016,1369,30
2018,549300WTZMQSET2VY242,46140,OK,40143,40143004000,C,Conventional:First Lien,Single Family (1-4 Units):Site-Built,Not Hispanic or Latino,White,Male,3,0,2,1,1,1,2,2,2,145000.0,80.0,,,3,,,,,,360,,,2,2,2,2,165000,1,1,3,5,1,,47,20%-<30%,2,10,2,,,,,5,,,,,2,4,5,,,,,8,,,,,2,4,1,5,2,4,25-34,9999,No,,1,1,1,,,,,7,,,,4622,21.35,65800,102,1280,1847,57
2018,549300WTZMQSET2VY242,46140,OK,40143,40143007616,C,Conventional:First Lien,Single Family (1-4 Units):Site-Built,Not Hispanic or Latino,White,Joint,3,0,2,1,1,1,2,2,1,55000.0,80.0,,,3,,,,,,360,,,2,2,2,2,75000,1,3,3,5,1,,116,30%-<36%,3,9,2,,,,,2,,,,,2,2,5,,,,,5,,,,,2,2,1,2,2,2,65-74,65-74,Yes,Yes,1,1,1,,,,,4,,,,3312,23.25,65800,121,1223,1296,36
2018,549300WTZMQSET2VY242,46140,OK,40143,40143003100,C,Conventional:First Lien,Single Family (1-4 Units):Site-Built,Not Hispanic or Latino,White,Female,3,0,2,1,1,1,2,2,1,95000.0,75.0,,,3,,,,,,360,,,2,2,2,2,125000,1,3,3,5,1,,68,44,2,10,2,,,,,5,,,,,2,4,5,,,,,8,,,,,2,4,2,5,2,4,45-54,9999,No,,1,1,1,,,,,4,,,,2521,19.83,65800,155,549,680,54
2018,549300WTZMQSET2VY242,46140,OK,40143,40143009200,C,FHA:First Lien,Single Family (1-4 Units):Site-Built,Not Hispanic or Latino,White,Male,3,0,2,2,1,1,2,2,2,285000.0,90.0,,,3,,,,,,360,,,2,2,2,2,325000,1,1,3,5,1,,95,30%-<36%,1,10,2,,,,,5,,,,,2,4,5,,,,,8,,,,,2,4,1,5,2,4,35-44,9999,No,,1,1,1,,,,,3,,,,3402,22.52,65800,113,833,1284,47
2018,549300WTZMQSET2VY242,46140,OK,40143,40143006803,C,Conventional:First Lien,Single Family (1-4 Units):Site-Built,Joint,Joint,Joint,3,0,2,1,1,1,2,2,2,145000.0,97.0,,,3,,,,,,360,,,2,2,2,2,145000,1,1,3,5,1,,23,20%-<30%,3,9,2,,,,,1,11.0,,,,2,2,1,,,,,5,,,,,2,2,1,2,2,2,25-34,<25,No,No,1,1,1,,,,,3,,,,2627,36.89,65800,72,501,948,47
2018,549300WTZMQSET2VY242,46140,OK,40143,40143006803,C,FHA:First Lien,Single Family (1-4 Units):Site-Built,Not Hispanic or Latino,American Indian or Alaska Native,Male,3,0,2,2,1,1,2,2,2,145000.0,104.086,,,3,,,,,,360,,,2,2,2,2,145000,1,1,3,5,1,,50,30%-<36%,2,10,2,,,,,5,,,,,2,4,1,,,,,8,,,,,2,4,1,5,2,4,25-34,9999,No,,1,1,1,,,,,9,,,,2627,36.89,65800,72,501,948,47
2018,549300WTZMQSET2VY242,46140,OK,40143,40143004500,C,Conventional:First Lien,Single Family (1-4 Units):Site-Built,Not Hispanic or Latino,White,Male,3,0,2,1,1,1,2,2,2,325000.0,93.824,,,3,,,,,,360,,,2,2,2,2,345000,1,1,3,5,1,,86,46,1,10,2,,,,,5,,,,,2,4,5,,,,,8,,,,,2,4,1,5,2,4,25-34,9999,No,,1,1,1,,,,,1,2.0,,,2553,6.93,65800,273,990,1201,76
2018,549300WTZMQSET2VY242,46140,OK,40143,40143007507,C,Conventional:First Lien,Single Family (1-4 Units):Site-Built,Ethnicity Not Available,White,Female,3,0,2,1,1,1,2,2,2,115000.0,95.0,,,3,,,,,,360,,,2,2,2,2,125000,1,1,3,5,1,,62,41,3,10,3,,,,,5,,,,,2,4,5,,,,,8,,,,,2,4,2,5,2,4,<25,9999,No,,1,1,1,,,,,2,,,,3611,25.78,65800,113,998,1369,32
2018,549300WTZMQSET2VY242,46140,OK,40143,40143005806,C,FHA:First Lien,Single Family (1-4 Units):Site-Built,Not Hispanic or Latino,White,Joint,3,0,2,2,1,1,2,2,2,215000.0,96.5,,,3,,,,,,360,,,2,2,2,2,215000,1,1,3,5,1,,96,49,9,3,2,,,,,2,,,,,2,2,5,,,,,5,,,,,2,2,2,1,2,2,35-44,35-44,No,No,1,1,1,,,,,4,,,,5490,21.82,65800,148,1219,1338,15
2018,549300WTZMQSET2VY242,46140,OK,40143,40143007633,C,FHA:First Lien,Single Family (1-4 Units):Site-Built,Not Hispanic or Latino,White,Female,3,0,2,2,1,1,2,2,2,185000.0,96.5,,,3,,,,,,360,,,2,2,2,2,165000,1,1,3,5,1,,67,48,1,10,2,,,,,5,,,,,2,4,5,,,,,8,,,,,2,4,2,5,2,4,25-34,9999,No,,1,1,1,,,,,3,,,,2609,20.35,65800,166,836,1035,32
2018,549300WTZMQSET2VY242,46140,OK,40143,40143006902,C,FHA:First Lien,Single Family (1-4 Units):Site-Built,Not Hispanic or Latino,American Indian or Alaska Native,Male,3,0,2,2,1,1,2,2,2,175000.0,97.75,,,3,,,,,,360,,,2,2,2,2,175000,1,1,3,5,1,,56,39,3,10,2,,,,,5,,,,,2,4,1,5.0,,,,8,,,,,2,4,1,5,2,4,25-34,9999,No,,1,1,6,,,,,7,,,,1620,6.85,65800,165,621,723,50
2018,549300WTZMQSET2VY242,46140,OK,40143,40143007503,C,Conventional:First Lien,Single Family (1-4 Units):Site-Built,Not Hispanic or Latino,American Indian or Alaska Native,Female,3,0,2,1,1,1,2,2,2,85000.0,97.0,,,3,,,,,,360,,,2,2,2,2,85000,1,1,3,5,1,,30,36,1,10,2,,,,,5,,,,,2,4,1,,,,,8,,,,,2,4,2,5,2,4,<25,9999,No,,1,1,1,,,,,4,,,,2898,24.26,65800,84,649,949,48
2018,549300WTZMQSET2VY242,46140,OK,40143,40143008600,C,Conventional:First Lien,Single Family (1-4 Units):Site-Built,Not Hispanic or Latino,White,Joint,3,0,2,1,1,1,2,2,1,125000.0,75.0,,,3,,,,,,360,,,2,2,2,2,165000,1,3,3,5,2,,149,42,2,9,2,,,,,2,,,,,2,2,5,,,,,5,,,,,2,2,1,2,2,2,25-34,25-34,No,No,1,1,1,,,,,4,,,,4348,42.32,65800,68,707,1219,47
2018,549300WTZMQSET2VY242,46140,OK,40143,40143007402,C,Conventional:First Lien,Single Family (1-4 Units):Site-Built,Not Hispanic or Latino,White,Joint,3,0,2,1,1,1,2,2,2,45000.0,70.0,,,3,,,,,,180,,,2,2,2,2,75000.0,1,1,3,5,1,,43,20%-<30%,9,2,2,,,,,2,,,,,2,2,5,,,,,5,,,,,2,2,1,2,2,2,<25,<25,No,No,1,1,1,,,,,4,,,,2799,22.62,65800,69,618,1205,57
2018,549300WTZMQSET2VY242,46140,OK,40143,40143009500,C,FHA:First Lien,Single Family (1-4 Units):Site-Built,Not Hispanic or Latino,White,Female,3,0,2,2,1,1,2,2,2,175000.0,96.5,,,3,,,,,,360,,,2,2,2,2,175000.0,1,1,3,5,1,,82,20%-<30%,1,10,2,,,,,5,,,,,2,4,5,,,,,8,,,,,2,4,2,5,2,4,35-44,9999,No,,1,1,3,,,,,4,,,,5503,14.54,65800,117,1799,2199,27
2018,549300WTZMQSET2VY242,46140,OK,40143,40143008502,C,Conventional:First Lien,Single Family (1-4 Units):Site-Built,Not Hispanic or Latino,White,Joint,3,0,2,1,31,1,2,2,2,85000.0,70.588,,,3,,,,,,360,,,2,2,2,2,105000.0,1,1,3,5,1,,31,40,2,9,2,,,,,2,,,,,1,1,5,,,,,5,,,,,1,1,1,2,1,1,55-64,55-64,No,No,1,1,1,,,,,9,,,,4783,35.33,65800,97,1467,1946,49
2018,549300WTZMQSET2VY242,46140,OK,40143,40143001700,C,Conventional:First Lien,Single Family (1-4 Units):Site-Built,Joint,White,Joint,3,0,2,1,1,1,2,2,2,65000.0,95.0,,,3,,,,,,180,,,2,2,2,2,75000.0,1,1,3,5,1,,78,20%-<30%,9,2,1,11.0,,,,2,,,,,2,2,5,,,,,5,,,,,2,2,2,1,2,2,25-34,25-34,No,No,1,1,1,,,,,5,,,,2606,31.77,65800,84,692,1239,66
2018,549300WTZMQSET2VY242,46140,OK,40145,40145030502,C,Conventional:First Lien,Single Family (1-4 Units):Site-Built,Not Hispanic or Latino,White,Joint,3,0,2,1,1,1,2,2,2,135000.0,89.583,,,3,,,,,,360,,,2,2,2,2,145000.0,1,1,3,5,1,,45,30%-<36%,2,9,2,,,,,2,,,,,2,2,5,,,,,5,,,,,2,2,1,2,2,2,35-44,35-44,No,No,1,1,1,,,,,7,,,,2142,24.09,65800,109,697,863,37
2018,549300WTZMQSET2VY242,46140,OK,40145,40145030601,C,Conventional:First Lien,Single Family (1-4 Units):Site-Built,Not Hispanic or Latino,White,Male,3,0,2,1,1,1,2,2,2,215000.0,80.0,,,3,,,,,,360,,,2,2,2,2,255000.0,1,1,3,5,1,,110,36,9,9,2,,,,,2,,,,,2,2,5,,,,,5,,,,,2,2,1,1,2,2,35-44,55-64,No,Yes,1,1,1,,,,,6,,,,4306,25.15,65800,113,1386,1689,22
2018,549300WTZMQSET2VY242,46140,OK,40145,40145030509,C,VA:First Lien,Single Family (1-4 Units):Site-Built,Not Hispanic or Latino,White,Joint,3,0,2,3,1,1,2,2,2,205000.0,100.0,,,3,,,,,,360,,,2,2,2,2,205000.0,1,1,3,5,1,,46,49,1,9,2,,,,,2,,,,,2,2,5,,,,,5,,,,,2,2,1,2,2,2,55-64,55-64,Yes,No,1,1,1,,,,,4,,,,4139,25.8,65800,168,1433,1568,13
